geoid,name,universe,universe_annotation,universe_moe,universe_moe_annotation,male_total,male_total_annotation,male_total_moe,male_total_moe_annotation,male_under_5,male_under_5_annotation,male_under_5_moe,male_under_5_moe_annotation,male_5_to_9,male_5_to_9_annotation,male_5_to_9_moe,male_5_to_9_moe_annotation,male_10_to_14,male_10_to_14_annotation,male_10_to_14_moe,male_10_to_14_moe_annotation,male_15_to_17,male_15_to_17_annotation,male_15_to_17_moe,male_15_to_17_moe_annotation,male_18_to_19,male_18_to_19_annotation,male_18_to_19_moe,male_18_to_19_moe_annotation,male_20,male_20_annotation,male_20_moe,male_20_moe_annotation,male_21,male_21_annotation,male_21_moe,male_21_moe_annotation,male_22_to_24,male_22_to_24_annotation,male_22_to_24_moe,male_22_to_24_moe_annotation,male_25_to_29,male_25_to_29_annotation,male_25_to_29_moe,male_25_to_29_moe_annotation,male_30_to_34,male_30_to_34_annotation,male_30_to_34_moe,male_30_to_34_moe_annotation,male_35_to_39,new england city and town area,male_35_to_39_annotation,male_35_to_39_moe,male_35_to_39_moe_annotation,male_40_to_44,male_40_to_44_annotation,male_40_to_44_moe,male_40_to_44_moe_annotation,male_45_to_49,male_45_to_49_annotation,male_45_to_49_moe,male_45_to_49_moe_annotation,male_50_to_54,male_50_to_54_annotation,male_50_to_54_moe,male_50_to_54_moe_annotation,male_55_to_59,male_55_to_59_annotation,male_55_to_59_moe,male_55_to_59_moe_annotation,male_60_to_61,male_60_to_61_annotation,male_60_to_61_moe,male_60_to_61_moe_annotation,male_62_to_64,male_62_to_64_annotation,male_62_to_64_moe,male_62_to_64_moe_annotation,male_65_to_66,male_65_to_66_annotation,male_65_to_66_moe,male_65_to_66_moe_annotation,male_67_to_69,male_67_to_69_annotation,male_67_to_69_moe,male_67_to_69_moe_annotation,male_70_to_74,male_70_to_74_annotation,male_70_to_74_moe,male_70_to_74_moe_annotation,male_75_to_79,male_75_to_79_annotation,male_75_to_79_moe,male_75_to_79_moe_annotation,male_80_to_84,male_80_to_84_annotation,male_80_to_84_moe,male_80_to_84_moe_annotation,male_85_and_over,male_85_and_over_annotation,male_85_and_over_moe,male_85_and_over_moe_annotation,female_total,female_total_annotation,female_total_moe,female_total_moe_annotation,female_under_5,female_under_5_annotation,female_under_5_moe,female_under_5_moe_annotation,female_5_to_9,female_5_to_9_annotation,female_5_to_9_moe,female_5_to_9_moe_annotation,female_10_to_14,female_10_to_14_annotation,female_10_to_14_moe,female_10_to_14_moe_annotation,female_15_to_17,female_15_to_17_annotation,female_15_to_17_moe,female_15_to_17_moe_annotation,female_18_to_19,female_18_to_19_annotation,female_18_to_19_moe,female_18_to_19_moe_annotation,female_20,female_20_annotation,female_20_moe,female_20_moe_annotation,female_21,female_21_annotation,female_21_moe,female_21_moe_annotation,female_22_to_24,female_22_to_24_annotation,female_22_to_24_moe,female_22_to_24_moe_annotation,female_25_to_29,female_25_to_29_annotation,female_25_to_29_moe,female_25_to_29_moe_annotation,female_30_to_34,female_30_to_34_annotation,female_30_to_34_moe,female_30_to_34_moe_annotation,female_35_to_39,female_35_to_39_annotation,female_35_to_39_moe,female_35_to_39_moe_annotation,female_40_to_44,female_40_to_44_annotation,female_40_to_44_moe,female_40_to_44_moe_annotation,female_45_to_49,female_45_to_49_annotation,female_45_to_49_moe,female_45_to_49_moe_annotation,female_50_to_54,female_50_to_54_annotation,female_50_to_54_moe,female_50_to_54_moe_annotation,female_55_to_59,female_55_to_59_annotation,female_55_to_59_moe,female_55_to_59_moe_annotation,female_60_to_61,female_60_to_61_annotation,female_60_to_61_moe,female_60_to_61_moe_annotation,female_62_to_64,female_62_to_64_annotation,female_62_to_64_moe,female_62_to_64_moe_annotation,female_65_to_66,female_65_to_66_annotation,female_65_to_66_moe,female_65_to_66_moe_annotation,female_67_to_69,female_67_to_69_annotation,female_67_to_69_moe,female_67_to_69_moe_annotation,female_70_to_74,female_70_to_74_annotation,female_70_to_74_moe,female_70_to_74_moe_annotation,female_75_to_79,female_75_to_79_annotation,female_75_to_79_moe,female_75_to_79_moe_annotation,female_80_to_84,female_80_to_84_annotation,female_80_to_84_moe,female_80_to_84_moe_annotation,female_85_and_over,female_85_and_over_annotation,female_85_and_over_moe,female_85_and_over_moe_annotation,total_under_5,total_5_to_9,total_10_to_14,total_15_to_17,total_18_to_19,total_20,total_21,total_22_to_24,total_25_to_29,total_30_to_34,total_35_to_39,total_40_to_44,total_45_to_49,total_50_to_54,total_55_to_59,total_60_to_61,total_62_to_64,total_65_to_66,total_67_to_69,total_70_to_74,total_75_to_79,total_80_to_84,total_85_and_over,total_0_to_17,male_0_to_17,female_0_to_17,total_5_to_17,male_5_to_17,female_5_to_17,total_0_9,male_0_9,female_0_9,total_10_to_17,male_10_to_17,female_10_to_17,total_18_to_34,male_18_to_34,female_18_to_34,total_35_to_49,male_35_to_49,female_35_to_49,total_50_to_64,male_50_to_64,female_50_to_64,total_65_and_over,male_65_and_over,female_65_and_over
71050,"Barre, VT Micropolitan NECTA",43155.0,,280.0,,20782.0,,325.0,,947.0,,152.0,,1226.0,,178.0,,1314.0,,165.0,,769.0,,82.0,,482.0,,136.0,,272.0,,136.0,,184.0,,108.0,,507.0,,167.0,,1067.0,,133.0,,1104.0,,129.0,,1166.0,71050,,158.0,,1574.0,,177.0,,1326.0,,127.0,,1753.0,,114.0,,1806.0,,178.0,,517.0,,82.0,,1085.0,,152.0,,633.0,,151.0,,670.0,,94.0,,1036.0,,155.0,,604.0,,123.0,,442.0,,103.0,,298.0,,81.0,,22373.0,,300.0,,856.0,,139.0,,990.0,,147.0,,1379.0,,194.0,,840.0,,93.0,,412.0,,93.0,,128.0,,73.0,,343.0,,164.0,,468.0,,141.0,,1292.0,,124.0,,1030.0,,138.0,,1549.0,,179.0,,1427.0,,163.0,,1410.0,,118.0,,1734.0,,129.0,,2111.0,,174.0,,707.0,,132.0,,1091.0,,151.0,,609.0,,115.0,,893.0,,158.0,,1083.0,,145.0,,760.0,,128.0,,561.0,,110.0,,700.0,,137.0,,1803.0,2216.0,2693.0,1609.0,894.0,400.0,527.0,975.0,2359.0,2134.0,2715.0,3001.0,2736.0,3487.0,3917.0,1224.0,2176.0,1242.0,1563.0,2119.0,1364.0,1003.0,998.0,8321.0,4256.0,4065.0,6518.0,3309.0,3209.0,4019.0,2173.0,1846.0,4302.0,2083.0,2219.0,7289.0,3616.0,3673.0,8452.0,4066.0,4386.0,10804.0,5161.0,5643.0,8289.0,3683.0,4606.0
71350,"Bennington, VT Micropolitan NECTA",22370.0,,64.0,,11115.0,,175.0,,665.0,,75.0,,570.0,,142.0,,738.0,,128.0,,407.0,,97.0,,401.0,,46.0,,225.0,,99.0,,212.0,,81.0,,592.0,,141.0,,649.0,,87.0,,505.0,,80.0,,539.0,71350,,120.0,,469.0,,111.0,,637.0,,95.0,,803.0,,110.0,,863.0,,136.0,,264.0,,86.0,,522.0,,160.0,,198.0,,65.0,,451.0,,106.0,,559.0,,103.0,,418.0,,83.0,,202.0,,101.0,,226.0,,86.0,,11255.0,,171.0,,443.0,,77.0,,577.0,,89.0,,452.0,,102.0,,372.0,,69.0,,406.0,,53.0,,192.0,,73.0,,300.0,,101.0,,538.0,,121.0,,572.0,,99.0,,511.0,,70.0,,626.0,,111.0,,485.0,,104.0,,788.0,,95.0,,881.0,,101.0,,941.0,,132.0,,261.0,,80.0,,448.0,,107.0,,319.0,,111.0,,412.0,,118.0,,634.0,,105.0,,394.0,,107.0,,247.0,,95.0,,456.0,,99.0,,1108.0,1147.0,1190.0,779.0,807.0,417.0,512.0,1130.0,1221.0,1016.0,1165.0,954.0,1425.0,1684.0,1804.0,525.0,970.0,517.0,863.0,1193.0,812.0,449.0,682.0,4224.0,2380.0,1844.0,3116.0,1715.0,1401.0,2255.0,1235.0,1020.0,1969.0,1145.0,824.0,5103.0,2584.0,2519.0,3544.0,1645.0,1899.0,4983.0,2452.0,2531.0,4516.0,2054.0,2462.0
71500,"Berlin, NH Micropolitan NECTA",15981.0,,152.0,,8760.0,,190.0,,319.0,,73.0,,352.0,,84.0,,245.0,,82.0,,298.0,,58.0,,209.0,,53.0,,64.0,,48.0,,109.0,,66.0,,334.0,,98.0,,682.0,,106.0,,617.0,,82.0,,741.0,71500,,121.0,,505.0,,82.0,,718.0,,84.0,,657.0,,96.0,,706.0,,119.0,,355.0,,82.0,,376.0,,80.0,,191.0,,59.0,,344.0,,73.0,,336.0,,76.0,,314.0,,76.0,,132.0,,42.0,,156.0,,46.0,,7221.0,,198.0,,288.0,,63.0,,322.0,,100.0,,379.0,,99.0,,253.0,,55.0,,112.0,,42.0,,107.0,,67.0,,54.0,,38.0,,150.0,,62.0,,402.0,,60.0,,322.0,,58.0,,346.0,,108.0,,447.0,,110.0,,407.0,,73.0,,550.0,,79.0,,632.0,,90.0,,211.0,,73.0,,382.0,,92.0,,310.0,,83.0,,155.0,,57.0,,383.0,,94.0,,290.0,,73.0,,276.0,,66.0,,443.0,,84.0,,607.0,674.0,624.0,551.0,321.0,171.0,163.0,484.0,1084.0,939.0,1087.0,952.0,1125.0,1207.0,1338.0,566.0,758.0,501.0,499.0,719.0,604.0,408.0,599.0,2456.0,1214.0,1242.0,1849.0,895.0,954.0,1281.0,671.0,610.0,1175.0,543.0,632.0,3162.0,2015.0,1147.0,3164.0,1964.0,1200.0,3869.0,2094.0,1775.0,3330.0,1473.0,1857.0
71650,"Boston-Cambridge-Nashua, MA-NH Metropolitan NECTA",4937036.0,,380.0,,2398403.0,,1733.0,,135511.0,,778.0,,135962.0,,2135.0,,148511.0,,2030.0,,92962.0,,697.0,,71660.0,,526.0,,34554.0,,1191.0,,35384.0,,1232.0,,104157.0,,1621.0,,190010.0,,854.0,,175252.0,,776.0,,152840.0,71650,,1872.0,,151736.0,,1944.0,,164208.0,,883.0,,177072.0,,804.0,,167914.0,,1850.0,,61517.0,,1317.0,,82552.0,,1840.0,,49306.0,,1465.0,,63807.0,,1312.0,,80881.0,,1426.0,,52567.0,,1060.0,,36590.0,,963.0,,33450.0,,1008.0,,2538633.0,,1773.0,,130883.0,,753.0,,134529.0,,2050.0,,139460.0,,1965.0,,88618.0,,605.0,,73385.0,,643.0,,34984.0,,1277.0,,34249.0,,1271.0,,105726.0,,1577.0,,189335.0,,764.0,,176951.0,,735.0,,159118.0,,2177.0,,156095.0,,2198.0,,174818.0,,851.0,,185350.0,,925.0,,177510.0,,1846.0,,66898.0,,1565.0,,91871.0,,1520.0,,55813.0,,1467.0,,73069.0,,1513.0,,97104.0,,1748.0,,69869.0,,1453.0,,53883.0,,1436.0,,69115.0,,1410.0,,266394.0,270491.0,287971.0,181580.0,145045.0,69538.0,69633.0,209883.0,379345.0,352203.0,311958.0,307831.0,339026.0,362422.0,345424.0,128415.0,174423.0,105119.0,136876.0,177985.0,122436.0,90473.0,102565.0,1006436.0,512946.0,493490.0,740042.0,377435.0,362607.0,536885.0,271473.0,265412.0,469551.0,241473.0,228078.0,1225647.0,611017.0,614630.0,958815.0,468784.0,490031.0,1010684.0,489055.0,521629.0,735454.0,316601.0,418853.0
71950,"Bridgeport-Stamford-Norwalk, CT Metropolitan NECTA",921488.0,,77.0,,447727.0,,1627.0,,25774.0,,570.0,,29305.0,,1066.0,,32899.0,,984.0,,20482.0,,439.0,,12183.0,,368.0,,4979.0,,624.0,,5589.0,,576.0,,17939.0,,803.0,,25938.0,,639.0,,25966.0,,586.0,,27657.0,71950,,912.0,,28079.0,,856.0,,32864.0,,620.0,,35005.0,,640.0,,32657.0,,942.0,,12259.0,,747.0,,16023.0,,681.0,,9198.0,,478.0,,11922.0,,499.0,,15343.0,,559.0,,10816.0,,465.0,,7146.0,,424.0,,7704.0,,450.0,,473761.0,,1633.0,,24239.0,,565.0,,27887.0,,838.0,,29754.0,,911.0,,19046.0,,446.0,,12349.0,,453.0,,5035.0,,545.0,,5121.0,,642.0,,16492.0,,633.0,,25907.0,,491.0,,26812.0,,540.0,,29334.0,,883.0,,30493.0,,832.0,,34673.0,,635.0,,37251.0,,604.0,,35340.0,,931.0,,13346.0,,601.0,,16824.0,,749.0,,10120.0,,614.0,,13484.0,,680.0,,19164.0,,653.0,,14310.0,,659.0,,11606.0,,526.0,,15174.0,,621.0,,50013.0,57192.0,62653.0,39528.0,24532.0,10014.0,10710.0,34431.0,51845.0,52778.0,56991.0,58572.0,67537.0,72256.0,67997.0,25605.0,32847.0,19318.0,25406.0,34507.0,25126.0,18752.0,22878.0,209386.0,108460.0,100926.0,159373.0,82686.0,76687.0,107205.0,55079.0,52126.0,102181.0,53381.0,48800.0,184310.0,92594.0,91716.0,183100.0,88600.0,94500.0,198705.0,95944.0,102761.0,145987.0,62129.0,83858.0
70450,"Athol, MA Micropolitan NECTA",20642.0,,148.0,,9567.0,,412.0,,383.0,,124.0,,700.0,,154.0,,318.0,,98.0,,375.0,,128.0,,195.0,,82.0,,71.0,,50.0,,102.0,,60.0,,390.0,,98.0,,628.0,,176.0,,450.0,,136.0,,676.0,70450,,161.0,,446.0,,105.0,,753.0,,134.0,,705.0,,159.0,,948.0,,176.0,,322.0,,89.0,,446.0,,101.0,,277.0,,88.0,,419.0,,112.0,,443.0,,91.0,,213.0,,65.0,,143.0,,76.0,,164.0,,55.0,,11075.0,,379.0,,665.0,,155.0,,587.0,,136.0,,532.0,,140.0,,390.0,,169.0,,153.0,,65.0,,194.0,,103.0,,91.0,,60.0,,396.0,,126.0,,629.0,,172.0,,574.0,,164.0,,531.0,,175.0,,808.0,,171.0,,718.0,,149.0,,904.0,,146.0,,882.0,,176.0,,373.0,,104.0,,692.0,,150.0,,241.0,,61.0,,411.0,,94.0,,448.0,,88.0,,341.0,,90.0,,224.0,,77.0,,291.0,,91.0,,1048.0,1287.0,850.0,765.0,348.0,265.0,193.0,786.0,1257.0,1024.0,1207.0,1254.0,1471.0,1609.0,1830.0,695.0,1138.0,518.0,830.0,891.0,554.0,367.0,455.0,3950.0,1776.0,2174.0,2902.0,1393.0,1509.0,2335.0,1083.0,1252.0,1615.0,693.0,922.0,3873.0,1836.0,2037.0,3932.0,1875.0,2057.0,5272.0,2421.0,2851.0,3615.0,1659.0,1956.0
70600,"Augusta, ME Micropolitan NECTA",78031.0,,398.0,,38027.0,,463.0,,2172.0,,223.0,,2302.0,,262.0,,2043.0,,249.0,,1295.0,,172.0,,672.0,,109.0,,442.0,,212.0,,407.0,,121.0,,1274.0,,214.0,,2432.0,,178.0,,2259.0,,190.0,,1914.0,70600,,235.0,,2409.0,,214.0,,2854.0,,229.0,,3252.0,,177.0,,2685.0,,264.0,,1001.0,,156.0,,1760.0,,190.0,,1144.0,,149.0,,1599.0,,197.0,,1623.0,,172.0,,1064.0,,169.0,,728.0,,134.0,,696.0,,126.0,,40004.0,,487.0,,1941.0,,180.0,,2176.0,,254.0,,2339.0,,250.0,,1392.0,,187.0,,793.0,,122.0,,579.0,,173.0,,313.0,,132.0,,1108.0,,200.0,,2302.0,,157.0,,2412.0,,163.0,,2308.0,,279.0,,2311.0,,258.0,,2715.0,,199.0,,3298.0,,235.0,,3091.0,,273.0,,1302.0,,219.0,,1881.0,,243.0,,1030.0,,186.0,,1339.0,,188.0,,2015.0,,214.0,,1387.0,,178.0,,857.0,,152.0,,1115.0,,184.0,,4113.0,4478.0,4382.0,2687.0,1465.0,1021.0,720.0,2382.0,4734.0,4671.0,4222.0,4720.0,5569.0,6550.0,5776.0,2303.0,3641.0,2174.0,2938.0,3638.0,2451.0,1585.0,1811.0,15660.0,7812.0,7848.0,11547.0,5640.0,5907.0,8591.0,4474.0,4117.0,7069.0,3338.0,3731.0,14993.0,7486.0,7507.0,14511.0,7177.0,7334.0,18270.0,8698.0,9572.0,14597.0,6854.0,7743.0
70750,"Bangor, ME Metropolitan NECTA",133200.0,,500.0,,65815.0,,505.0,,3472.0,,201.0,,3310.0,,260.0,,3558.0,,250.0,,2363.0,,138.0,,2737.0,,144.0,,1171.0,,211.0,,1306.0,,229.0,,3037.0,,282.0,,4861.0,,235.0,,4047.0,,178.0,,3537.0,70750,,342.0,,4163.0,,295.0,,4130.0,,186.0,,4999.0,,188.0,,4640.0,,278.0,,2042.0,,287.0,,2687.0,,266.0,,1622.0,,226.0,,1843.0,,177.0,,2581.0,,221.0,,1589.0,,165.0,,1084.0,,185.0,,1036.0,,154.0,,67385.0,,482.0,,2969.0,,169.0,,3364.0,,258.0,,3649.0,,314.0,,2279.0,,174.0,,2346.0,,120.0,,1284.0,,204.0,,1526.0,,267.0,,2052.0,,237.0,,4852.0,,254.0,,4073.0,,151.0,,3363.0,,302.0,,4492.0,,336.0,,4473.0,,225.0,,4978.0,,196.0,,5148.0,,321.0,,2038.0,,250.0,,2820.0,,331.0,,1574.0,,197.0,,2166.0,,242.0,,2564.0,,246.0,,1937.0,,262.0,,1683.0,,220.0,,1755.0,,247.0,,6441.0,6674.0,7207.0,4642.0,5083.0,2455.0,2832.0,5089.0,9713.0,8120.0,6900.0,8655.0,8603.0,9977.0,9788.0,4080.0,5507.0,3196.0,4009.0,5145.0,3526.0,2767.0,2791.0,24964.0,12703.0,12261.0,18523.0,9231.0,9292.0,13115.0,6782.0,6333.0,11849.0,5921.0,5928.0,33292.0,17159.0,16133.0,24158.0,11830.0,12328.0,29352.0,14368.0,14984.0,21434.0,9755.0,11679.0
70900,"Barnstable Town, MA Metropolitan NECTA",237150.0,,228.0,,113129.0,,580.0,,4540.0,,281.0,,5264.0,,371.0,,6014.0,,350.0,,3818.0,,268.0,,2820.0,,217.0,,1361.0,,296.0,,895.0,,185.0,,4393.0,,384.0,,5466.0,,235.0,,5382.0,,308.0,,5240.0,70900,,383.0,,5120.0,,339.0,,6329.0,,274.0,,8069.0,,233.0,,9106.0,,506.0,,3834.0,,351.0,,6206.0,,435.0,,3563.0,,352.0,,5350.0,,356.0,,7889.0,,387.0,,5005.0,,290.0,,4078.0,,301.0,,3387.0,,306.0,,124021.0,,532.0,,4648.0,,294.0,,4645.0,,296.0,,5720.0,,354.0,,3666.0,,213.0,,2034.0,,187.0,,724.0,,209.0,,836.0,,265.0,,3831.0,,355.0,,5450.0,,275.0,,5115.0,,278.0,,5764.0,,449.0,,5511.0,,411.0,,7373.0,,223.0,,9139.0,,291.0,,10674.0,,481.0,,4604.0,,385.0,,6848.0,,414.0,,4051.0,,411.0,,6539.0,,427.0,,9613.0,,471.0,,6694.0,,431.0,,4782.0,,383.0,,5760.0,,398.0,,9188.0,9909.0,11734.0,7484.0,4854.0,2085.0,1731.0,8224.0,10916.0,10497.0,11004.0,10631.0,13702.0,17208.0,19780.0,8438.0,13054.0,7614.0,11889.0,17502.0,11699.0,8860.0,9147.0,38315.0,19636.0,18679.0,29127.0,15096.0,14031.0,19097.0,9804.0,9293.0,19218.0,9832.0,9386.0,38307.0,20317.0,17990.0,35337.0,16689.0,18648.0,58480.0,27215.0,31265.0,66711.0,29272.0,37439.0
72250,"Brunswick, ME Micropolitan NECTA",63538.0,,296.0,,31065.0,,427.0,,1487.0,,161.0,,2013.0,,258.0,,1426.0,,217.0,,970.0,,122.0,,856.0,,138.0,,453.0,,112.0,,587.0,,294.0,,973.0,,171.0,,1699.0,,245.0,,1634.0,,165.0,,1573.0,72250,,239.0,,1706.0,,258.0,,2176.0,,221.0,,2393.0,,189.0,,2551.0,,268.0,,931.0,,190.0,,1384.0,,238.0,,969.0,,168.0,,1219.0,,167.0,,1508.0,,165.0,,1009.0,,171.0,,830.0,,143.0,,718.0,,188.0,,32473.0,,405.0,,1414.0,,150.0,,1539.0,,214.0,,1433.0,,200.0,,998.0,,147.0,,869.0,,159.0,,448.0,,133.0,,408.0,,135.0,,886.0,,189.0,,1509.0,,171.0,,1702.0,,169.0,,1709.0,,191.0,,1663.0,,219.0,,2248.0,,219.0,,2384.0,,196.0,,2830.0,,257.0,,971.0,,169.0,,1351.0,,199.0,,937.0,,135.0,,1561.0,,214.0,,1909.0,,208.0,,1398.0,,190.0,,996.0,,176.0,,1310.0,,224.0,,2901.0,3552.0,2859.0,1968.0,1725.0,901.0,995.0,1859.0,3208.0,3336.0,3282.0,3369.0,4424.0,4777.0,5381.0,1902.0,2735.0,1906.0,2780.0,3417.0,2407.0,1826.0,2028.0,11280.0,5896.0,5384.0,8379.0,4409.0,3970.0,6453.0,3500.0,2953.0,4827.0,2396.0,2431.0,12024.0,6202.0,5822.0,11075.0,5455.0,5620.0,14795.0,7259.0,7536.0,14364.0,6253.0,8111.0
72700,"Concord, NH Micropolitan NECTA",85803.0,,271.0,,42464.0,,572.0,,2164.0,,199.0,,2463.0,,221.0,,2563.0,,252.0,,1653.0,,197.0,,1093.0,,159.0,,439.0,,142.0,,349.0,,125.0,,1792.0,,282.0,,2895.0,,214.0,,2799.0,,187.0,,2803.0,72700,,274.0,,2431.0,,251.0,,2957.0,,186.0,,3363.0,,212.0,,3439.0,,251.0,,1228.0,,191.0,,1776.0,,215.0,,896.0,,151.0,,1391.0,,175.0,,1665.0,,174.0,,946.0,,159.0,,569.0,,125.0,,790.0,,145.0,,43339.0,,557.0,,1988.0,,193.0,,2242.0,,242.0,,2297.0,,263.0,,1601.0,,142.0,,729.0,,150.0,,355.0,,129.0,,582.0,,179.0,,1740.0,,244.0,,2556.0,,251.0,,2584.0,,203.0,,2592.0,,277.0,,2616.0,,275.0,,3148.0,,208.0,,3393.0,,224.0,,3902.0,,266.0,,1350.0,,168.0,,1478.0,,197.0,,952.0,,163.0,,1352.0,,181.0,,1964.0,,211.0,,1256.0,,194.0,,920.0,,176.0,,1742.0,,213.0,,4152.0,4705.0,4860.0,3254.0,1822.0,794.0,931.0,3532.0,5451.0,5383.0,5395.0,5047.0,6105.0,6756.0,7341.0,2578.0,3254.0,1848.0,2743.0,3629.0,2202.0,1489.0,2532.0,16971.0,8843.0,8128.0,12819.0,6679.0,6140.0,8857.0,4627.0,4230.0,8114.0,4216.0,3898.0,17913.0,9367.0,8546.0,16547.0,8191.0,8356.0,19929.0,9806.0,10123.0,14443.0,6257.0,8186.0
72400,"Burlington-South Burlington, VT Metropolitan NECTA",213083.0,,378.0,,105003.0,,368.0,,5523.0,,165.0,,5728.0,,362.0,,5817.0,,386.0,,4042.0,,146.0,,4474.0,,176.0,,2012.0,,309.0,,2645.0,,471.0,,6107.0,,446.0,,7684.0,,143.0,,7052.0,,228.0,,5861.0,72400,,353.0,,6320.0,,342.0,,6696.0,,191.0,,7459.0,,141.0,,7458.0,,386.0,,2882.0,,272.0,,3804.0,,310.0,,2476.0,,279.0,,2712.0,,259.0,,3434.0,,323.0,,1877.0,,197.0,,1578.0,,211.0,,1362.0,,178.0,,108080.0,,388.0,,5004.0,,124.0,,5265.0,,370.0,,5592.0,,363.0,,3615.0,,186.0,,4792.0,,187.0,,2531.0,,388.0,,2181.0,,398.0,,5609.0,,482.0,,7264.0,,163.0,,7012.0,,159.0,,6306.0,,384.0,,6451.0,,402.0,,6709.0,,134.0,,7840.0,,189.0,,7826.0,,405.0,,2957.0,,255.0,,4095.0,,330.0,,2292.0,,250.0,,3163.0,,254.0,,4015.0,,293.0,,2630.0,,247.0,,2208.0,,272.0,,2723.0,,223.0,,10527.0,10993.0,11409.0,7657.0,9266.0,4543.0,4826.0,11716.0,14948.0,14064.0,12167.0,12771.0,13405.0,15299.0,15284.0,5839.0,7899.0,4768.0,5875.0,7449.0,4507.0,3786.0,4085.0,40586.0,21110.0,19476.0,30059.0,15587.0,14472.0,21520.0,11251.0,10269.0,19066.0,9859.0,9207.0,59363.0,29974.0,29389.0,38343.0,18877.0,19466.0,44321.0,21603.0,22718.0,30470.0,13439.0,17031.0
74350,"Lebanon, NH-VT Micropolitan NECTA",84349.0,,570.0,,40943.0,,540.0,,1791.0,,179.0,,2080.0,,213.0,,2348.0,,289.0,,1515.0,,170.0,,1565.0,,201.0,,864.0,,178.0,,627.0,,142.0,,1553.0,,228.0,,2497.0,,218.0,,2469.0,,242.0,,2540.0,74350,,260.0,,2091.0,,237.0,,2767.0,,221.0,,2798.0,,267.0,,3091.0,,303.0,,1267.0,,184.0,,1743.0,,200.0,,1057.0,,149.0,,1431.0,,222.0,,1894.0,,210.0,,1356.0,,204.0,,847.0,,155.0,,752.0,,186.0,,43406.0,,522.0,,1964.0,,232.0,,2245.0,,252.0,,2065.0,,249.0,,1141.0,,142.0,,1652.0,,193.0,,704.0,,175.0,,728.0,,203.0,,1740.0,,309.0,,2642.0,,231.0,,2811.0,,258.0,,2233.0,,223.0,,2256.0,,249.0,,2733.0,,229.0,,3090.0,,251.0,,3207.0,,297.0,,1659.0,,207.0,,1900.0,,232.0,,1211.0,,165.0,,1547.0,,219.0,,2009.0,,250.0,,1644.0,,235.0,,1033.0,,171.0,,1192.0,,182.0,,3755.0,4325.0,4413.0,2656.0,3217.0,1568.0,1355.0,3293.0,5139.0,5280.0,4773.0,4347.0,5500.0,5888.0,6298.0,2926.0,3643.0,2268.0,2978.0,3903.0,3000.0,1880.0,1944.0,15149.0,7734.0,7415.0,11394.0,5943.0,5451.0,8080.0,3871.0,4209.0,7069.0,3863.0,3206.0,19852.0,9575.0,10277.0,14620.0,7398.0,7222.0,18755.0,8899.0,9856.0,15973.0,7337.0,8636.0
72500,"Claremont, NH Micropolitan NECTA",14436.0,,181.0,,6855.0,,252.0,,358.0,,111.0,,334.0,,120.0,,294.0,,98.0,,243.0,,90.0,,117.0,,74.0,,141.0,,107.0,,40.0,,31.0,,218.0,,102.0,,583.0,,146.0,,572.0,,133.0,,300.0,72500,,104.0,,399.0,,147.0,,466.0,,156.0,,634.0,,125.0,,671.0,,157.0,,182.0,,67.0,,233.0,,82.0,,174.0,,68.0,,303.0,,85.0,,222.0,,87.0,,154.0,,60.0,,109.0,,51.0,,108.0,,43.0,,7581.0,,256.0,,493.0,,87.0,,349.0,,110.0,,398.0,,137.0,,245.0,,110.0,,90.0,,53.0,,89.0,,65.0,,91.0,,74.0,,256.0,,110.0,,508.0,,117.0,,560.0,,121.0,,378.0,,128.0,,391.0,,124.0,,416.0,,97.0,,606.0,,138.0,,596.0,,132.0,,214.0,,96.0,,310.0,,99.0,,206.0,,89.0,,305.0,,115.0,,278.0,,100.0,,266.0,,98.0,,255.0,,73.0,,281.0,,98.0,,851.0,683.0,692.0,488.0,207.0,230.0,131.0,474.0,1091.0,1132.0,678.0,790.0,882.0,1240.0,1267.0,396.0,543.0,380.0,608.0,500.0,420.0,364.0,389.0,2714.0,1229.0,1485.0,1863.0,871.0,992.0,1534.0,692.0,842.0,1180.0,537.0,643.0,3265.0,1671.0,1594.0,2350.0,1165.0,1185.0,3446.0,1720.0,1726.0,2661.0,1070.0,1591.0
72850,"Danbury, CT Metropolitan NECTA",195431.0,,130.0,,96982.0,,1284.0,,5252.0,,479.0,,5471.0,,470.0,,6052.0,,484.0,,4326.0,,378.0,,2779.0,,310.0,,1270.0,,281.0,,957.0,,232.0,,4367.0,,402.0,,5617.0,,446.0,,6187.0,,471.0,,6202.0,72850,,523.0,,6570.0,,472.0,,6764.0,,414.0,,8057.0,,547.0,,7641.0,,525.0,,2692.0,,303.0,,3683.0,,362.0,,1503.0,,213.0,,2559.0,,297.0,,3834.0,,361.0,,2251.0,,258.0,,1644.0,,241.0,,1304.0,,235.0,,98449.0,,1287.0,,5045.0,,468.0,,5726.0,,537.0,,6187.0,,515.0,,3804.0,,381.0,,2492.0,,349.0,,1064.0,,233.0,,1268.0,,272.0,,4133.0,,477.0,,4490.0,,395.0,,5677.0,,444.0,,5294.0,,399.0,,6186.0,,447.0,,7443.0,,494.0,,8605.0,,483.0,,7738.0,,534.0,,3068.0,,353.0,,3629.0,,376.0,,1886.0,,256.0,,3170.0,,347.0,,4161.0,,315.0,,2771.0,,325.0,,1966.0,,275.0,,2646.0,,360.0,,10297.0,11197.0,12239.0,8130.0,5271.0,2334.0,2225.0,8500.0,10107.0,11864.0,11496.0,12756.0,14207.0,16662.0,15379.0,5760.0,7312.0,3389.0,5729.0,7995.0,5022.0,3610.0,3950.0,41863.0,21101.0,20762.0,31566.0,15849.0,15717.0,21494.0,10723.0,10771.0,20369.0,10378.0,9991.0,40301.0,21177.0,19124.0,38459.0,19536.0,18923.0,45113.0,22073.0,23040.0,29695.0,13095.0,16600.0
74500,"Leominster-Gardner, MA Metropolitan NECTA",149847.0,,189.0,,73337.0,,1085.0,,4328.0,,492.0,,3932.0,,436.0,,5047.0,,595.0,,2788.0,,350.0,,2175.0,,287.0,,980.0,,255.0,,1161.0,,241.0,,2737.0,,396.0,,5201.0,,511.0,,4646.0,,462.0,,4328.0,74500,,393.0,,4811.0,,438.0,,5101.0,,408.0,,5604.0,,376.0,,5853.0,,441.0,,1797.0,,255.0,,2695.0,,308.0,,1341.0,,210.0,,2144.0,,270.0,,2673.0,,349.0,,1532.0,,239.0,,1142.0,,222.0,,1321.0,,232.0,,76510.0,,1075.0,,4814.0,,453.0,,4476.0,,490.0,,4759.0,,441.0,,2574.0,,351.0,,2021.0,,319.0,,1211.0,,272.0,,978.0,,248.0,,2483.0,,410.0,,5082.0,,476.0,,4769.0,,455.0,,4295.0,,386.0,,4816.0,,459.0,,5084.0,,386.0,,5649.0,,423.0,,5745.0,,471.0,,2180.0,,333.0,,3081.0,,389.0,,1561.0,,213.0,,2045.0,,259.0,,2991.0,,309.0,,2113.0,,296.0,,1913.0,,286.0,,1870.0,,281.0,,9142.0,8408.0,9806.0,5362.0,4196.0,2191.0,2139.0,5220.0,10283.0,9415.0,8623.0,9627.0,10185.0,11253.0,11598.0,3977.0,5776.0,2902.0,4189.0,5664.0,3645.0,3055.0,3191.0,32718.0,16095.0,16623.0,23576.0,11767.0,11809.0,17550.0,8260.0,9290.0,15168.0,7835.0,7333.0,33444.0,16900.0,16544.0,28435.0,14240.0,14195.0,32604.0,15949.0,16655.0,22646.0,10153.0,12493.0
74650,"Lewiston-Auburn, ME Metropolitan NECTA",108158.0,,393.0,,52861.0,,353.0,,3247.0,,120.0,,3494.0,,316.0,,3045.0,,289.0,,1983.0,,111.0,,1406.0,,108.0,,533.0,,123.0,,622.0,,166.0,,2184.0,,242.0,,3278.0,,152.0,,3271.0,,146.0,,3498.0,74650,,262.0,,2693.0,,254.0,,3559.0,,129.0,,4189.0,,183.0,,4428.0,,336.0,,1519.0,,257.0,,1886.0,,222.0,,1250.0,,217.0,,1622.0,,248.0,,2132.0,,216.0,,1325.0,,176.0,,925.0,,168.0,,772.0,,169.0,,55297.0,,422.0,,3151.0,,161.0,,3244.0,,351.0,,3135.0,,340.0,,1945.0,,120.0,,1562.0,,132.0,,827.0,,247.0,,736.0,,222.0,,1803.0,,282.0,,3350.0,,140.0,,3305.0,,132.0,,3350.0,,340.0,,3197.0,,353.0,,3826.0,,173.0,,4148.0,,128.0,,4312.0,,298.0,,1591.0,,245.0,,1916.0,,214.0,,1380.0,,206.0,,1792.0,,206.0,,2392.0,,272.0,,1695.0,,184.0,,1201.0,,177.0,,1439.0,,191.0,,6398.0,6738.0,6180.0,3928.0,2968.0,1360.0,1358.0,3987.0,6628.0,6576.0,6848.0,5890.0,7385.0,8337.0,8740.0,3110.0,3802.0,2630.0,3414.0,4524.0,3020.0,2126.0,2211.0,23244.0,11769.0,11475.0,16846.0,8522.0,8324.0,13136.0,6741.0,6395.0,10108.0,5028.0,5080.0,22877.0,11294.0,11583.0,20123.0,9750.0,10373.0,23989.0,12022.0,11967.0,17925.0,8026.0,9899.0
74950,"Manchester, NH Metropolitan NECTA",204618.0,,68.0,,102137.0,,1002.0,,5944.0,,427.0,,5334.0,,449.0,,5977.0,,488.0,,3802.0,,375.0,,2764.0,,276.0,,1654.0,,331.0,,1377.0,,240.0,,5166.0,,456.0,,8104.0,,488.0,,7469.0,,400.0,,6474.0,74950,,453.0,,6287.0,,475.0,,7309.0,,432.0,,7619.0,,438.0,,7775.0,,438.0,,2581.0,,332.0,,3718.0,,426.0,,2158.0,,273.0,,2675.0,,273.0,,3238.0,,319.0,,1893.0,,222.0,,1251.0,,187.0,,1568.0,,261.0,,102481.0,,1010.0,,5641.0,,425.0,,5646.0,,503.0,,6124.0,,481.0,,4115.0,,321.0,,2847.0,,316.0,,1427.0,,275.0,,1318.0,,271.0,,4516.0,,397.0,,6937.0,,456.0,,7041.0,,369.0,,6398.0,,419.0,,6154.0,,411.0,,7305.0,,427.0,,7924.0,,459.0,,7001.0,,516.0,,2837.0,,322.0,,3738.0,,350.0,,2147.0,,244.0,,3081.0,,311.0,,3138.0,,284.0,,2240.0,,252.0,,2064.0,,278.0,,2842.0,,319.0,,11585.0,10980.0,12101.0,7917.0,5611.0,3081.0,2695.0,9682.0,15041.0,14510.0,12872.0,12441.0,14614.0,15543.0,14776.0,5418.0,7456.0,4305.0,5756.0,6376.0,4133.0,3315.0,4410.0,42583.0,21057.0,21526.0,30998.0,15113.0,15885.0,22565.0,11278.0,11287.0,20018.0,9779.0,10239.0,50620.0,26534.0,24086.0,39927.0,20070.0,19857.0,43193.0,21693.0,21500.0,28295.0,12783.0,15512.0
75550,"New Bedford, MA Metropolitan NECTA",162206.0,,62.0,,77492.0,,868.0,,4486.0,,399.0,,4525.0,,383.0,,3878.0,,424.0,,3084.0,,400.0,,2924.0,,300.0,,1435.0,,259.0,,1339.0,,214.0,,3709.0,,472.0,,5251.0,,461.0,,4715.0,,476.0,,4654.0,75550,,369.0,,4925.0,,428.0,,5233.0,,366.0,,5622.0,,437.0,,5322.0,,411.0,,2168.0,,318.0,,2771.0,,307.0,,1526.0,,189.0,,2295.0,,307.0,,2791.0,,243.0,,1972.0,,235.0,,1377.0,,239.0,,1490.0,,179.0,,84714.0,,865.0,,4096.0,,356.0,,4574.0,,395.0,,4652.0,,401.0,,2948.0,,303.0,,2283.0,,278.0,,1338.0,,240.0,,1690.0,,303.0,,3600.0,,398.0,,5208.0,,412.0,,5479.0,,368.0,,4196.0,,387.0,,5183.0,,459.0,,5423.0,,452.0,,5720.0,,420.0,,5811.0,,425.0,,2292.0,,293.0,,3152.0,,314.0,,1587.0,,251.0,,2921.0,,302.0,,4083.0,,355.0,,2892.0,,347.0,,2125.0,,246.0,,3461.0,,310.0,,8582.0,9099.0,8530.0,6032.0,5207.0,2773.0,3029.0,7309.0,10459.0,10194.0,8850.0,10108.0,10656.0,11342.0,11133.0,4460.0,5923.0,3113.0,5216.0,6874.0,4864.0,3502.0,4951.0,32243.0,15973.0,16270.0,23661.0,11487.0,12174.0,17681.0,9011.0,8670.0,14562.0,6962.0,7600.0,38971.0,19373.0,19598.0,29614.0,14812.0,14802.0,32858.0,15883.0,16975.0,28520.0,11451.0,17069.0
75700,"New Haven, CT Metropolitan NECTA",598758.0,,69.0,,287106.0,,1704.0,,14752.0,,699.0,,15072.0,,833.0,,17927.0,,700.0,,10984.0,,550.0,,9861.0,,448.0,,4829.0,,488.0,,4620.0,,528.0,,12968.0,,665.0,,20112.0,,800.0,,18996.0,,581.0,,15994.0,75700,,855.0,,16358.0,,811.0,,19569.0,,541.0,,21190.0,,588.0,,20516.0,,819.0,,7918.0,,523.0,,10884.0,,763.0,,6332.0,,443.0,,9336.0,,566.0,,11031.0,,568.0,,7720.0,,571.0,,4891.0,,372.0,,5246.0,,402.0,,311652.0,,1710.0,,14118.0,,718.0,,15336.0,,790.0,,17126.0,,888.0,,11340.0,,487.0,,10083.0,,441.0,,5455.0,,536.0,,4349.0,,483.0,,12364.0,,760.0,,19772.0,,661.0,,20442.0,,593.0,,17752.0,,863.0,,17599.0,,848.0,,21713.0,,652.0,,22127.0,,734.0,,22802.0,,909.0,,8636.0,,593.0,,12380.0,,704.0,,7162.0,,502.0,,10746.0,,693.0,,13328.0,,628.0,,9341.0,,550.0,,7020.0,,498.0,,10661.0,,522.0,,28870.0,30408.0,35053.0,22324.0,19944.0,10284.0,8969.0,25332.0,39884.0,39438.0,33746.0,33957.0,41282.0,43317.0,43318.0,16554.0,23264.0,13494.0,20082.0,24359.0,17061.0,11911.0,15907.0,116655.0,58735.0,57920.0,87785.0,43983.0,43802.0,59278.0,29824.0,29454.0,57377.0,28911.0,28466.0,143851.0,71386.0,72465.0,108985.0,51921.0,57064.0,126453.0,60508.0,65945.0,102814.0,44556.0,58258.0
73050,"Dover-Durham, NH-ME Metropolitan NECTA",149507.0,,43.0,,72998.0,,414.0,,3621.0,,198.0,,4115.0,,352.0,,4526.0,,395.0,,2469.0,,155.0,,3197.0,,204.0,,1910.0,,259.0,,1650.0,,276.0,,3569.0,,316.0,,5229.0,,333.0,,4585.0,,194.0,,4307.0,73050,,402.0,,4486.0,,410.0,,4772.0,,245.0,,5020.0,,219.0,,5456.0,,380.0,,2057.0,,236.0,,2575.0,,326.0,,1521.0,,228.0,,2106.0,,307.0,,2385.0,,270.0,,1548.0,,222.0,,1123.0,,193.0,,771.0,,148.0,,76509.0,,415.0,,3624.0,,204.0,,4164.0,,360.0,,4245.0,,383.0,,2609.0,,167.0,,3789.0,,154.0,,2197.0,,363.0,,2204.0,,411.0,,3379.0,,493.0,,4434.0,,168.0,,4523.0,,167.0,,4169.0,,409.0,,4601.0,,358.0,,4861.0,,237.0,,5476.0,,212.0,,5558.0,,369.0,,2225.0,,345.0,,2800.0,,293.0,,1575.0,,228.0,,2063.0,,243.0,,2745.0,,260.0,,2023.0,,265.0,,1505.0,,285.0,,1740.0,,283.0,,7245.0,8279.0,8771.0,5078.0,6986.0,4107.0,3854.0,6948.0,9663.0,9108.0,8476.0,9087.0,9633.0,10496.0,11014.0,4282.0,5375.0,3096.0,4169.0,5130.0,3571.0,2628.0,2511.0,29373.0,14731.0,14642.0,22128.0,11110.0,11018.0,15524.0,7736.0,7788.0,13849.0,6995.0,6854.0,40666.0,20140.0,20526.0,27196.0,13565.0,13631.0,31167.0,15108.0,16059.0,21105.0,9454.0,11651.0
73300,"Greenfield Town, MA Micropolitan NECTA",37448.0,,274.0,,18141.0,,292.0,,862.0,,106.0,,755.0,,141.0,,1125.0,,144.0,,643.0,,99.0,,399.0,,104.0,,159.0,,80.0,,202.0,,91.0,,645.0,,139.0,,1094.0,,141.0,,1239.0,,184.0,,1046.0,73300,,184.0,,1277.0,,180.0,,1254.0,,116.0,,1155.0,,123.0,,1450.0,,159.0,,561.0,,115.0,,783.0,,136.0,,624.0,,119.0,,762.0,,127.0,,849.0,,104.0,,475.0,,95.0,,399.0,,101.0,,383.0,,112.0,,19307.0,,278.0,,876.0,,103.0,,956.0,,157.0,,895.0,,160.0,,653.0,,78.0,,285.0,,67.0,,220.0,,90.0,,157.0,,88.0,,484.0,,130.0,,1218.0,,125.0,,1354.0,,133.0,,1154.0,,188.0,,1164.0,,162.0,,1218.0,,127.0,,1317.0,,134.0,,1572.0,,145.0,,669.0,,111.0,,1009.0,,117.0,,533.0,,100.0,,697.0,,111.0,,996.0,,138.0,,533.0,,128.0,,488.0,,131.0,,859.0,,129.0,,1738.0,1711.0,2020.0,1296.0,684.0,379.0,359.0,1129.0,2312.0,2593.0,2200.0,2441.0,2472.0,2472.0,3022.0,1230.0,1792.0,1157.0,1459.0,1845.0,1008.0,887.0,1242.0,6765.0,3385.0,3380.0,5027.0,2523.0,2504.0,3449.0,1617.0,1832.0,3316.0,1768.0,1548.0,7456.0,3738.0,3718.0,7113.0,3577.0,3536.0,8516.0,3949.0,4567.0,7598.0,3492.0,4106.0
73450,"Hartford-West Hartford-East Hartford, CT Metropolitan NECTA",1142103.0,,195.0,,554495.0,,1045.0,,29994.0,,448.0,,31905.0,,997.0,,36887.0,,975.0,,22509.0,,495.0,,18664.0,,445.0,,9682.0,,718.0,,9428.0,,569.0,,24728.0,,925.0,,36405.0,,587.0,,35460.0,,561.0,,32511.0,73450,,998.0,,33404.0,,1022.0,,37181.0,,635.0,,40249.0,,472.0,,41063.0,,1132.0,,14492.0,,785.0,,20636.0,,838.0,,11928.0,,508.0,,16299.0,,549.0,,19766.0,,612.0,,13380.0,,580.0,,8894.0,,517.0,,9030.0,,453.0,,587608.0,,1004.0,,28354.0,,467.0,,31218.0,,1020.0,,34739.0,,1029.0,,21625.0,,382.0,,18609.0,,476.0,,10222.0,,767.0,,9571.0,,658.0,,22012.0,,797.0,,35099.0,,545.0,,36043.0,,516.0,,33721.0,,931.0,,35835.0,,899.0,,39356.0,,601.0,,43908.0,,490.0,,42959.0,,999.0,,16153.0,,713.0,,23001.0,,916.0,,13279.0,,606.0,,18419.0,,722.0,,24152.0,,752.0,,16854.0,,644.0,,13540.0,,660.0,,18939.0,,675.0,,58348.0,63123.0,71626.0,44134.0,37273.0,19904.0,18999.0,46740.0,71504.0,71503.0,66232.0,69239.0,76537.0,84157.0,84022.0,30645.0,43637.0,25207.0,34718.0,43918.0,30234.0,22434.0,27969.0,237231.0,121295.0,115936.0,178883.0,91301.0,87582.0,121471.0,61899.0,59572.0,115760.0,59396.0,56364.0,265923.0,134367.0,131556.0,212008.0,103096.0,108912.0,242461.0,116440.0,126021.0,184480.0,79297.0,105183.0
73750,"Keene, NH Micropolitan NECTA",50255.0,,356.0,,24129.0,,355.0,,1177.0,,169.0,,1115.0,,206.0,,1209.0,,175.0,,752.0,,104.0,,1103.0,,163.0,,290.0,,97.0,,648.0,,247.0,,1109.0,,286.0,,1647.0,,201.0,,1392.0,,165.0,,1134.0,73750,,212.0,,1469.0,,240.0,,1469.0,,139.0,,1610.0,,139.0,,2065.0,,213.0,,569.0,,122.0,,1161.0,,175.0,,582.0,,117.0,,778.0,,118.0,,1111.0,,135.0,,724.0,,155.0,,510.0,,142.0,,505.0,,148.0,,26126.0,,334.0,,1279.0,,156.0,,1188.0,,184.0,,1239.0,,178.0,,793.0,,107.0,,1753.0,,265.0,,455.0,,145.0,,532.0,,212.0,,917.0,,236.0,,1655.0,,138.0,,1499.0,,150.0,,1230.0,,184.0,,1285.0,,212.0,,1369.0,,120.0,,1865.0,,145.0,,1855.0,,206.0,,950.0,,164.0,,1168.0,,176.0,,667.0,,134.0,,946.0,,162.0,,1212.0,,162.0,,776.0,,122.0,,666.0,,152.0,,827.0,,158.0,,2456.0,2303.0,2448.0,1545.0,2856.0,745.0,1180.0,2026.0,3302.0,2891.0,2364.0,2754.0,2838.0,3475.0,3920.0,1519.0,2329.0,1249.0,1724.0,2323.0,1500.0,1176.0,1332.0,8752.0,4253.0,4499.0,6296.0,3076.0,3220.0,4759.0,2292.0,2467.0,3993.0,1961.0,2032.0,13000.0,6189.0,6811.0,7956.0,4072.0,3884.0,11243.0,5405.0,5838.0,9304.0,4210.0,5094.0
73900,"Laconia, NH Micropolitan NECTA",23481.0,,27.0,,11157.0,,274.0,,379.0,,134.0,,703.0,,185.0,,601.0,,146.0,,291.0,,103.0,,294.0,,84.0,,86.0,,65.0,,178.0,,110.0,,403.0,,169.0,,702.0,,144.0,,643.0,,141.0,,456.0,73900,,121.0,,450.0,,135.0,,751.0,,182.0,,1045.0,,143.0,,822.0,,162.0,,229.0,,82.0,,649.0,,163.0,,328.0,,88.0,,584.0,,128.0,,677.0,,143.0,,269.0,,80.0,,246.0,,79.0,,371.0,,84.0,,12324.0,,274.0,,554.0,,168.0,,470.0,,151.0,,754.0,,217.0,,394.0,,86.0,,261.0,,95.0,,93.0,,72.0,,179.0,,138.0,,392.0,,121.0,,759.0,,153.0,,774.0,,169.0,,462.0,,136.0,,525.0,,126.0,,736.0,,146.0,,983.0,,167.0,,1096.0,,169.0,,469.0,,129.0,,561.0,,124.0,,413.0,,95.0,,560.0,,138.0,,600.0,,140.0,,607.0,,123.0,,331.0,,89.0,,351.0,,100.0,,933.0,1173.0,1355.0,685.0,555.0,179.0,357.0,795.0,1461.0,1417.0,918.0,975.0,1487.0,2028.0,1918.0,698.0,1210.0,741.0,1144.0,1277.0,876.0,577.0,722.0,4146.0,1974.0,2172.0,3213.0,1595.0,1618.0,2106.0,1082.0,1024.0,2040.0,892.0,1148.0,4764.0,2306.0,2458.0,3380.0,1657.0,1723.0,5854.0,2745.0,3109.0,5337.0,2475.0,2862.0
76150,"North Adams, MA-VT Micropolitan NECTA",24341.0,,191.0,,11653.0,,358.0,,438.0,,124.0,,595.0,,149.0,,678.0,,188.0,,435.0,,126.0,,793.0,,140.0,,407.0,,112.0,,410.0,,161.0,,604.0,,153.0,,487.0,,124.0,,414.0,,122.0,,582.0,76150,,133.0,,626.0,,150.0,,699.0,,138.0,,724.0,,132.0,,828.0,,147.0,,221.0,,71.0,,638.0,,134.0,,284.0,,83.0,,403.0,,102.0,,470.0,,112.0,,419.0,,111.0,,271.0,,98.0,,227.0,,66.0,,12688.0,,359.0,,463.0,,168.0,,534.0,,125.0,,556.0,,121.0,,491.0,,108.0,,1040.0,,180.0,,575.0,,118.0,,391.0,,106.0,,570.0,,147.0,,316.0,,92.0,,561.0,,119.0,,607.0,,121.0,,520.0,,118.0,,740.0,,155.0,,770.0,,118.0,,938.0,,161.0,,318.0,,102.0,,553.0,,125.0,,292.0,,68.0,,474.0,,108.0,,611.0,,139.0,,433.0,,101.0,,354.0,,93.0,,581.0,,172.0,,901.0,1129.0,1234.0,926.0,1833.0,982.0,801.0,1174.0,803.0,975.0,1189.0,1146.0,1439.0,1494.0,1766.0,539.0,1191.0,576.0,877.0,1081.0,852.0,625.0,808.0,4190.0,2146.0,2044.0,3289.0,1708.0,1581.0,2030.0,1033.0,997.0,2160.0,1113.0,1047.0,6568.0,3115.0,3453.0,3774.0,1907.0,1867.0,4990.0,2411.0,2579.0,4819.0,2074.0,2745.0
76450,"Norwich-New London-Westerly, CT-RI Metropolitan NECTA",281507.0,,43.0,,139712.0,,516.0,,7146.0,,299.0,,7158.0,,457.0,,8125.0,,489.0,,5193.0,,215.0,,4022.0,,231.0,,2485.0,,348.0,,2642.0,,380.0,,7282.0,,406.0,,10072.0,,363.0,,8444.0,,267.0,,7657.0,76450,,405.0,,7956.0,,383.0,,8890.0,,259.0,,10506.0,,279.0,,10278.0,,441.0,,4290.0,,373.0,,5525.0,,437.0,,3197.0,,339.0,,4595.0,,406.0,,5740.0,,358.0,,3959.0,,260.0,,2212.0,,214.0,,2338.0,,253.0,,141795.0,,511.0,,6728.0,,284.0,,7096.0,,498.0,,8089.0,,430.0,,5125.0,,194.0,,3462.0,,175.0,,2051.0,,338.0,,1929.0,,295.0,,5158.0,,371.0,,8695.0,,272.0,,8257.0,,275.0,,8271.0,,512.0,,7822.0,,523.0,,9487.0,,283.0,,10833.0,,284.0,,10974.0,,536.0,,4492.0,,498.0,,5683.0,,413.0,,3585.0,,287.0,,4526.0,,313.0,,6586.0,,387.0,,4941.0,,331.0,,3640.0,,356.0,,4365.0,,369.0,,13874.0,14254.0,16214.0,10318.0,7484.0,4536.0,4571.0,12440.0,18767.0,16701.0,15928.0,15778.0,18377.0,21339.0,21252.0,8782.0,11208.0,6782.0,9121.0,12326.0,8900.0,5852.0,6703.0,54660.0,27622.0,27038.0,40786.0,20476.0,20310.0,28128.0,14304.0,13824.0,26532.0,13318.0,13214.0,64499.0,34947.0,29552.0,50083.0,24503.0,25580.0,62581.0,30599.0,31982.0,49684.0,22041.0,27643.0
76600,"Pittsfield, MA Metropolitan NECTA",83784.0,,314.0,,40485.0,,438.0,,2097.0,,180.0,,1952.0,,263.0,,2191.0,,235.0,,1391.0,,143.0,,737.0,,148.0,,560.0,,176.0,,443.0,,142.0,,1464.0,,206.0,,2336.0,,199.0,,2540.0,,218.0,,2385.0,76600,,266.0,,2247.0,,260.0,,2753.0,,188.0,,3110.0,,184.0,,3346.0,,231.0,,1210.0,,183.0,,1952.0,,246.0,,1137.0,,195.0,,1707.0,,186.0,,1894.0,,205.0,,1240.0,,199.0,,946.0,,189.0,,847.0,,174.0,,43299.0,,431.0,,1874.0,,184.0,,2006.0,,337.0,,2244.0,,293.0,,1221.0,,163.0,,698.0,,153.0,,535.0,,165.0,,496.0,,186.0,,1174.0,,227.0,,2631.0,,142.0,,2467.0,,191.0,,2230.0,,253.0,,2387.0,,257.0,,2783.0,,209.0,,3356.0,,171.0,,3891.0,,320.0,,1405.0,,247.0,,1961.0,,225.0,,1367.0,,187.0,,1548.0,,195.0,,2226.0,,247.0,,1845.0,,227.0,,1398.0,,176.0,,1556.0,,230.0,,3971.0,3958.0,4435.0,2612.0,1435.0,1095.0,939.0,2638.0,4967.0,5007.0,4615.0,4634.0,5536.0,6466.0,7237.0,2615.0,3913.0,2504.0,3255.0,4120.0,3085.0,2344.0,2403.0,14976.0,7631.0,7345.0,11005.0,5534.0,5471.0,7929.0,4049.0,3880.0,7047.0,3582.0,3465.0,16081.0,8080.0,8001.0,14785.0,7385.0,7400.0,20231.0,9618.0,10613.0,17711.0,7771.0,9940.0
76750,"Portland-South Portland, ME Metropolitan NECTA",365111.0,,299.0,,177784.0,,714.0,,9016.0,,351.0,,10235.0,,524.0,,10606.0,,587.0,,6967.0,,286.0,,4192.0,,264.0,,2162.0,,389.0,,1956.0,,287.0,,7493.0,,548.0,,12042.0,,342.0,,11765.0,,290.0,,10528.0,76750,,514.0,,11321.0,,548.0,,12557.0,,350.0,,13878.0,,357.0,,13615.0,,543.0,,5171.0,,365.0,,6739.0,,402.0,,4387.0,,386.0,,6208.0,,425.0,,7070.0,,438.0,,4267.0,,318.0,,2770.0,,276.0,,2839.0,,316.0,,187327.0,,736.0,,8715.0,,300.0,,9079.0,,563.0,,9762.0,,585.0,,6349.0,,317.0,,4723.0,,269.0,,1888.0,,302.0,,2127.0,,346.0,,7282.0,,587.0,,12419.0,,366.0,,11576.0,,291.0,,11023.0,,595.0,,11913.0,,629.0,,13084.0,,370.0,,14153.0,,354.0,,14900.0,,549.0,,5512.0,,412.0,,8073.0,,485.0,,5223.0,,359.0,,6360.0,,432.0,,7953.0,,412.0,,5799.0,,444.0,,3917.0,,390.0,,5497.0,,450.0,,17731.0,19314.0,20368.0,13316.0,8915.0,4050.0,4083.0,14775.0,24461.0,23341.0,21551.0,23234.0,25641.0,28031.0,28515.0,10683.0,14812.0,9610.0,12568.0,15023.0,10066.0,6687.0,8336.0,70729.0,36824.0,33905.0,52998.0,27808.0,25190.0,37045.0,19251.0,17794.0,33684.0,17573.0,16111.0,79625.0,39610.0,40015.0,70426.0,34406.0,36020.0,82041.0,39403.0,42638.0,62290.0,27541.0,34749.0
76900,"Portsmouth, NH-ME Metropolitan NECTA",126528.0,,257.0,,62157.0,,818.0,,3250.0,,353.0,,3089.0,,299.0,,3266.0,,368.0,,2042.0,,312.0,,1197.0,,253.0,,420.0,,141.0,,337.0,,135.0,,2485.0,,346.0,,3795.0,,379.0,,4265.0,,390.0,,3389.0,76900,,396.0,,3863.0,,330.0,,4548.0,,340.0,,4913.0,,403.0,,5259.0,,352.0,,1860.0,,271.0,,2669.0,,338.0,,1910.0,,272.0,,2283.0,,273.0,,2689.0,,274.0,,2161.0,,300.0,,1233.0,,186.0,,1234.0,,201.0,,64371.0,,838.0,,2665.0,,247.0,,3265.0,,399.0,,3270.0,,325.0,,2135.0,,284.0,,1002.0,,216.0,,293.0,,113.0,,452.0,,142.0,,1971.0,,259.0,,3969.0,,382.0,,3943.0,,336.0,,3555.0,,357.0,,3762.0,,273.0,,4248.0,,318.0,,5145.0,,384.0,,5515.0,,406.0,,2002.0,,302.0,,2786.0,,285.0,,1967.0,,275.0,,2536.0,,291.0,,3272.0,,330.0,,2384.0,,234.0,,1787.0,,260.0,,2447.0,,351.0,,5915.0,6354.0,6536.0,4177.0,2199.0,713.0,789.0,4456.0,7764.0,8208.0,6944.0,7625.0,8796.0,10058.0,10774.0,3862.0,5455.0,3877.0,4819.0,5961.0,4545.0,3020.0,3681.0,22982.0,11647.0,11335.0,17067.0,8397.0,8670.0,12269.0,6339.0,5930.0,10713.0,5308.0,5405.0,24129.0,12499.0,11630.0,23365.0,11800.0,11565.0,30149.0,14701.0,15448.0,25903.0,11510.0,14393.0
78100,"Springfield, MA-CT Metropolitan NECTA",736423.0,,382.0,,357485.0,,875.0,,18867.0,,372.0,,19811.0,,828.0,,22187.0,,782.0,,14442.0,,327.0,,14173.0,,310.0,,7596.0,,554.0,,7194.0,,582.0,,17987.0,,836.0,,24935.0,,431.0,,22431.0,,436.0,,19682.0,78100,,844.0,,20690.0,,858.0,,22498.0,,488.0,,25170.0,,406.0,,25409.0,,822.0,,10305.0,,658.0,,12778.0,,620.0,,8025.0,,511.0,,9850.0,,479.0,,13384.0,,496.0,,8200.0,,465.0,,6041.0,,452.0,,5830.0,,409.0,,378938.0,,883.0,,18197.0,,403.0,,19095.0,,743.0,,20648.0,,756.0,,13478.0,,277.0,,16199.0,,376.0,,8802.0,,663.0,,8517.0,,595.0,,15976.0,,731.0,,23202.0,,398.0,,22244.0,,359.0,,20809.0,,828.0,,21595.0,,820.0,,23868.0,,394.0,,26613.0,,318.0,,27504.0,,700.0,,10075.0,,512.0,,14444.0,,617.0,,9142.0,,492.0,,11420.0,,579.0,,15542.0,,593.0,,10942.0,,527.0,,8695.0,,529.0,,11931.0,,542.0,,37064.0,38906.0,42835.0,27920.0,30372.0,16398.0,15711.0,33963.0,48137.0,44675.0,40491.0,42285.0,46366.0,51783.0,52913.0,20380.0,27222.0,17167.0,21270.0,28926.0,19142.0,14736.0,17761.0,146725.0,75307.0,71418.0,109661.0,56440.0,53221.0,75970.0,38678.0,37292.0,70755.0,36629.0,34126.0,189256.0,94316.0,94940.0,129142.0,62870.0,66272.0,152298.0,73662.0,78636.0,119002.0,51330.0,67672.0
78400,"Torrington, CT Micropolitan NECTA",47053.0,,162.0,,23877.0,,520.0,,1091.0,,193.0,,1711.0,,291.0,,1217.0,,216.0,,997.0,,188.0,,566.0,,155.0,,200.0,,111.0,,235.0,,92.0,,864.0,,224.0,,1395.0,,202.0,,1273.0,,192.0,,1337.0,78400,,214.0,,1326.0,,263.0,,1832.0,,249.0,,2036.0,,246.0,,1958.0,,299.0,,821.0,,149.0,,1037.0,,185.0,,720.0,,195.0,,721.0,,154.0,,913.0,,164.0,,500.0,,127.0,,371.0,,108.0,,756.0,,175.0,,23176.0,,515.0,,903.0,,161.0,,943.0,,156.0,,1093.0,,173.0,,678.0,,169.0,,489.0,,145.0,,298.0,,110.0,,164.0,,79.0,,934.0,,182.0,,1339.0,,187.0,,1487.0,,166.0,,1370.0,,212.0,,1335.0,,182.0,,1555.0,,234.0,,2070.0,,263.0,,2090.0,,267.0,,694.0,,149.0,,964.0,,189.0,,584.0,,127.0,,820.0,,158.0,,1031.0,,174.0,,658.0,,129.0,,650.0,,154.0,,1027.0,,181.0,,1994.0,2654.0,2310.0,1675.0,1055.0,498.0,399.0,1798.0,2734.0,2760.0,2707.0,2661.0,3387.0,4106.0,4048.0,1515.0,2001.0,1304.0,1541.0,1944.0,1158.0,1021.0,1783.0,8633.0,5016.0,3617.0,6639.0,3925.0,2714.0,4648.0,2802.0,1846.0,3985.0,2214.0,1771.0,9244.0,4533.0,4711.0,8755.0,4495.0,4260.0,11670.0,5852.0,5818.0,8751.0,3981.0,4770.0
78500,"Vineyard Haven, MA Micropolitan NECTA",17265.0,,24.0,,8446.0,,167.0,,343.0,,41.0,,414.0,,103.0,,582.0,,171.0,,302.0,,86.0,,386.0,,170.0,,27.0,,64.0,,96.0,,87.0,,229.0,,105.0,,446.0,,116.0,,449.0,,21.0,,356.0,78500,,153.0,,583.0,,117.0,,503.0,,11.0,,648.0,,64.0,,573.0,,140.0,,382.0,,152.0,,372.0,,115.0,,204.0,,90.0,,354.0,,115.0,,564.0,,135.0,,298.0,,120.0,,182.0,,85.0,,153.0,,82.0,,8819.0,,169.0,,308.0,,28.0,,421.0,,132.0,,601.0,,155.0,,311.0,,104.0,,229.0,,134.0,,22.0,,30.0,,57.0,,46.0,,254.0,,113.0,,452.0,,102.0,,421.0,,6.0,,448.0,,132.0,,605.0,,138.0,,520.0,,23.0,,638.0,,25.0,,727.0,,150.0,,256.0,,89.0,,472.0,,124.0,,406.0,,159.0,,333.0,,112.0,,590.0,,145.0,,269.0,,129.0,,213.0,,109.0,,266.0,,155.0,,651.0,835.0,1183.0,613.0,615.0,49.0,153.0,483.0,898.0,870.0,804.0,1188.0,1023.0,1286.0,1300.0,638.0,844.0,610.0,687.0,1154.0,567.0,395.0,419.0,3282.0,1641.0,1641.0,2631.0,1298.0,1333.0,1486.0,757.0,729.0,1796.0,884.0,912.0,3068.0,1633.0,1435.0,3015.0,1442.0,1573.0,4068.0,1975.0,2093.0,3832.0,1755.0,2077.0
78700,"Waterbury, CT Metropolitan NECTA",215218.0,,128.0,,104420.0,,1336.0,,6675.0,,704.0,,6751.0,,492.0,,6900.0,,549.0,,4734.0,,507.0,,3043.0,,363.0,,1122.0,,209.0,,1246.0,,271.0,,4307.0,,435.0,,7186.0,,656.0,,7020.0,,598.0,,6107.0,78700,,522.0,,6368.0,,524.0,,7010.0,,583.0,,7579.0,,525.0,,7489.0,,556.0,,3474.0,,467.0,,3360.0,,392.0,,2140.0,,252.0,,2673.0,,289.0,,3666.0,,324.0,,2325.0,,223.0,,1551.0,,241.0,,1694.0,,252.0,,110798.0,,1340.0,,6350.0,,622.0,,6979.0,,567.0,,6854.0,,607.0,,4310.0,,415.0,,2430.0,,317.0,,1052.0,,264.0,,1238.0,,291.0,,4516.0,,458.0,,7246.0,,558.0,,6379.0,,431.0,,6651.0,,584.0,,6648.0,,602.0,,7601.0,,477.0,,8621.0,,513.0,,7563.0,,563.0,,3390.0,,369.0,,3853.0,,407.0,,2055.0,,261.0,,3213.0,,356.0,,4216.0,,387.0,,3325.0,,319.0,,2723.0,,341.0,,3585.0,,384.0,,13025.0,13730.0,13754.0,9044.0,5473.0,2174.0,2484.0,8823.0,14432.0,13399.0,12758.0,13016.0,14611.0,16200.0,15052.0,6864.0,7213.0,4195.0,5886.0,7882.0,5650.0,4274.0,5279.0,49553.0,25060.0,24493.0,36528.0,18385.0,18143.0,26755.0,13426.0,13329.0,22798.0,11634.0,11164.0,46785.0,23924.0,22861.0,40385.0,19485.0,20900.0,45329.0,21902.0,23427.0,33166.0,14049.0,19117.0
78850,"Waterville, ME Micropolitan NECTA",46202.0,,258.0,,22556.0,,481.0,,1105.0,,208.0,,1106.0,,197.0,,1539.0,,245.0,,937.0,,197.0,,864.0,,157.0,,237.0,,93.0,,379.0,,132.0,,996.0,,232.0,,1070.0,,201.0,,1196.0,,221.0,,1390.0,78850,,226.0,,1412.0,,232.0,,1414.0,,248.0,,1370.0,,195.0,,2091.0,,281.0,,772.0,,170.0,,928.0,,182.0,,478.0,,142.0,,852.0,,197.0,,878.0,,191.0,,655.0,,149.0,,540.0,,151.0,,347.0,,96.0,,23646.0,,522.0,,999.0,,182.0,,1003.0,,281.0,,1173.0,,211.0,,911.0,,227.0,,790.0,,146.0,,555.0,,201.0,,269.0,,119.0,,805.0,,248.0,,1122.0,,182.0,,1203.0,,192.0,,1263.0,,204.0,,1566.0,,223.0,,1646.0,,244.0,,1739.0,,221.0,,1899.0,,290.0,,832.0,,221.0,,944.0,,209.0,,520.0,,139.0,,868.0,,194.0,,1067.0,,243.0,,1009.0,,173.0,,654.0,,145.0,,809.0,,174.0,,2104.0,2109.0,2712.0,1848.0,1654.0,792.0,648.0,1801.0,2192.0,2399.0,2653.0,2978.0,3060.0,3109.0,3990.0,1604.0,1872.0,998.0,1720.0,1945.0,1664.0,1194.0,1156.0,8773.0,4687.0,4086.0,6669.0,3582.0,3087.0,4213.0,2211.0,2002.0,4560.0,2476.0,2084.0,9486.0,4742.0,4744.0,8691.0,4216.0,4475.0,10575.0,5161.0,5414.0,8677.0,3750.0,4927.0
77200,"Providence-Warwick, RI-MA Metropolitan NECTA",1304459.0,,165.0,,635616.0,,986.0,,35347.0,,693.0,,36603.0,,1074.0,,39005.0,,1076.0,,24429.0,,498.0,,19570.0,,392.0,,10019.0,,728.0,,9222.0,,698.0,,28392.0,,949.0,,46242.0,,627.0,,42059.0,,594.0,,39115.0,77200,,1136.0,,37836.0,,1139.0,,43053.0,,624.0,,46559.0,,604.0,,45304.0,,1174.0,,17642.0,,923.0,,23308.0,,887.0,,13875.0,,704.0,,18479.0,,724.0,,23265.0,,715.0,,15041.0,,598.0,,10962.0,,485.0,,10289.0,,466.0,,668843.0,,983.0,,32557.0,,526.0,,35320.0,,1054.0,,35530.0,,1020.0,,22891.0,,463.0,,20672.0,,563.0,,10256.0,,653.0,,10285.0,,769.0,,24786.0,,897.0,,45054.0,,603.0,,41457.0,,545.0,,39342.0,,1071.0,,39493.0,,1105.0,,45124.0,,534.0,,50043.0,,623.0,,49316.0,,1234.0,,18915.0,,850.0,,25532.0,,988.0,,15424.0,,685.0,,20997.0,,804.0,,27248.0,,938.0,,19224.0,,849.0,,16744.0,,812.0,,22633.0,,842.0,,67904.0,71923.0,74535.0,47320.0,40242.0,20275.0,19507.0,53178.0,91296.0,83516.0,78457.0,77329.0,88177.0,96602.0,94620.0,36557.0,48840.0,29299.0,39476.0,50513.0,34265.0,27706.0,32922.0,261682.0,135384.0,126298.0,193778.0,100037.0,93741.0,139827.0,71950.0,67877.0,121855.0,63434.0,58421.0,308014.0,155504.0,152510.0,243963.0,120004.0,123959.0,276619.0,132813.0,143806.0,214181.0,91911.0,122270.0
77650,"Rutland, VT Micropolitan NECTA",40964.0,,304.0,,20169.0,,262.0,,847.0,,103.0,,957.0,,152.0,,1133.0,,176.0,,731.0,,82.0,,706.0,,86.0,,373.0,,120.0,,313.0,,95.0,,777.0,,138.0,,1112.0,,72.0,,1110.0,,96.0,,914.0,77650,,140.0,,1126.0,,152.0,,1318.0,,84.0,,1539.0,,90.0,,1636.0,,192.0,,626.0,,127.0,,1111.0,,174.0,,565.0,,112.0,,838.0,,131.0,,1022.0,,148.0,,604.0,,116.0,,444.0,,103.0,,367.0,,87.0,,20795.0,,275.0,,782.0,,106.0,,844.0,,153.0,,1084.0,,149.0,,661.0,,88.0,,644.0,,83.0,,277.0,,116.0,,341.0,,178.0,,675.0,,154.0,,991.0,,97.0,,1155.0,,76.0,,1011.0,,145.0,,1054.0,,147.0,,1306.0,,105.0,,1676.0,,110.0,,2072.0,,178.0,,678.0,,104.0,,883.0,,134.0,,668.0,,120.0,,1006.0,,128.0,,922.0,,130.0,,779.0,,112.0,,525.0,,117.0,,761.0,,131.0,,1629.0,1801.0,2217.0,1392.0,1350.0,650.0,654.0,1452.0,2103.0,2265.0,1925.0,2180.0,2624.0,3215.0,3708.0,1304.0,1994.0,1233.0,1844.0,1944.0,1383.0,969.0,1128.0,7039.0,3668.0,3371.0,5410.0,2821.0,2589.0,3430.0,1804.0,1626.0,3609.0,1864.0,1745.0,8474.0,4391.0,4083.0,6729.0,3358.0,3371.0,10221.0,4912.0,5309.0,8501.0,3840.0,4661.0
77950,"Sanford, ME Micropolitan NECTA",23721.0,,35.0,,11099.0,,305.0,,602.0,,176.0,,745.0,,157.0,,684.0,,146.0,,446.0,,134.0,,221.0,,105.0,,122.0,,76.0,,132.0,,65.0,,386.0,,133.0,,741.0,,212.0,,698.0,,159.0,,784.0,77950,,159.0,,605.0,,129.0,,672.0,,146.0,,856.0,,180.0,,942.0,,160.0,,295.0,,81.0,,401.0,,101.0,,365.0,,112.0,,282.0,,81.0,,426.0,,114.0,,407.0,,122.0,,118.0,,54.0,,169.0,,55.0,,12622.0,,302.0,,742.0,,171.0,,832.0,,204.0,,797.0,,165.0,,495.0,,127.0,,186.0,,86.0,,165.0,,76.0,,145.0,,81.0,,446.0,,133.0,,689.0,,188.0,,890.0,,176.0,,709.0,,138.0,,667.0,,131.0,,819.0,,142.0,,1095.0,,184.0,,798.0,,158.0,,361.0,,102.0,,455.0,,109.0,,379.0,,104.0,,509.0,,116.0,,563.0,,116.0,,292.0,,97.0,,217.0,,88.0,,371.0,,110.0,,1344.0,1577.0,1481.0,941.0,407.0,287.0,277.0,832.0,1430.0,1588.0,1493.0,1272.0,1491.0,1951.0,1740.0,656.0,856.0,744.0,791.0,989.0,699.0,335.0,540.0,5343.0,2477.0,2866.0,3999.0,1875.0,2124.0,2921.0,1347.0,1574.0,2422.0,1130.0,1292.0,4821.0,2300.0,2521.0,4256.0,2061.0,2195.0,5203.0,2494.0,2709.0,4098.0,1767.0,2331.0
79600,"Worcester, MA-CT Metropolitan NECTA",659384.0,,331.0,,325913.0,,1418.0,,18193.0,,542.0,,18847.0,,848.0,,21324.0,,863.0,,13727.0,,410.0,,10289.0,,328.0,,4872.0,,453.0,,4992.0,,426.0,,13822.0,,597.0,,21931.0,,662.0,,21083.0,,594.0,,18853.0,79600,,729.0,,20588.0,,749.0,,23485.0,,503.0,,25406.0,,522.0,,24560.0,,764.0,,8559.0,,536.0,,12308.0,,608.0,,6553.0,,404.0,,8652.0,,463.0,,11635.0,,563.0,,6799.0,,392.0,,4890.0,,400.0,,4545.0,,373.0,,333471.0,,1393.0,,16184.0,,551.0,,17572.0,,794.0,,20410.0,,848.0,,12769.0,,462.0,,9892.0,,365.0,,4465.0,,478.0,,4811.0,,513.0,,13077.0,,723.0,,20374.0,,562.0,,21016.0,,629.0,,19932.0,,824.0,,20828.0,,836.0,,24334.0,,459.0,,26124.0,,545.0,,24112.0,,748.0,,9300.0,,569.0,,12541.0,,704.0,,7479.0,,502.0,,9382.0,,475.0,,13156.0,,539.0,,8882.0,,541.0,,7173.0,,518.0,,9658.0,,539.0,,34377.0,36419.0,41734.0,26496.0,20181.0,9337.0,9803.0,26899.0,42305.0,42099.0,38785.0,41416.0,47819.0,51530.0,48672.0,17859.0,24849.0,14032.0,18034.0,24791.0,15681.0,12063.0,14203.0,139026.0,72091.0,66935.0,104649.0,53898.0,50751.0,70796.0,37040.0,33756.0,68230.0,35051.0,33179.0,150624.0,76989.0,73635.0,128020.0,62926.0,65094.0,142910.0,70833.0,72077.0,98804.0,43074.0,55730.0
