geoid,name,universe,universe_annotation,universe_moe,universe_moe_annotation,male_total,male_total_annotation,male_total_moe,male_total_moe_annotation,male_under_5,male_under_5_annotation,male_under_5_moe,male_under_5_moe_annotation,male_5_to_9,male_5_to_9_annotation,male_5_to_9_moe,male_5_to_9_moe_annotation,male_10_to_14,male_10_to_14_annotation,male_10_to_14_moe,male_10_to_14_moe_annotation,male_15_to_17,male_15_to_17_annotation,male_15_to_17_moe,male_15_to_17_moe_annotation,male_18_to_19,male_18_to_19_annotation,male_18_to_19_moe,male_18_to_19_moe_annotation,male_20,male_20_annotation,male_20_moe,male_20_moe_annotation,male_21,male_21_annotation,male_21_moe,male_21_moe_annotation,male_22_to_24,male_22_to_24_annotation,male_22_to_24_moe,male_22_to_24_moe_annotation,male_25_to_29,male_25_to_29_annotation,male_25_to_29_moe,male_25_to_29_moe_annotation,male_30_to_34,male_30_to_34_annotation,male_30_to_34_moe,male_30_to_34_moe_annotation,male_35_to_39,state,male_35_to_39_annotation,male_35_to_39_moe,male_35_to_39_moe_annotation,male_40_to_44,male_40_to_44_annotation,male_40_to_44_moe,male_40_to_44_moe_annotation,male_45_to_49,male_45_to_49_annotation,male_45_to_49_moe,male_45_to_49_moe_annotation,male_50_to_54,male_50_to_54_annotation,male_50_to_54_moe,male_50_to_54_moe_annotation,male_55_to_59,male_55_to_59_annotation,male_55_to_59_moe,male_55_to_59_moe_annotation,male_60_to_61,male_60_to_61_annotation,male_60_to_61_moe,male_60_to_61_moe_annotation,male_62_to_64,male_62_to_64_annotation,male_62_to_64_moe,male_62_to_64_moe_annotation,male_65_to_66,male_65_to_66_annotation,male_65_to_66_moe,male_65_to_66_moe_annotation,male_67_to_69,male_67_to_69_annotation,male_67_to_69_moe,male_67_to_69_moe_annotation,male_70_to_74,male_70_to_74_annotation,male_70_to_74_moe,male_70_to_74_moe_annotation,male_75_to_79,male_75_to_79_annotation,male_75_to_79_moe,male_75_to_79_moe_annotation,male_80_to_84,male_80_to_84_annotation,male_80_to_84_moe,male_80_to_84_moe_annotation,male_85_and_over,male_85_and_over_annotation,male_85_and_over_moe,male_85_and_over_moe_annotation,female_total,female_total_annotation,female_total_moe,female_total_moe_annotation,female_under_5,female_under_5_annotation,female_under_5_moe,female_under_5_moe_annotation,female_5_to_9,female_5_to_9_annotation,female_5_to_9_moe,female_5_to_9_moe_annotation,female_10_to_14,female_10_to_14_annotation,female_10_to_14_moe,female_10_to_14_moe_annotation,female_15_to_17,female_15_to_17_annotation,female_15_to_17_moe,female_15_to_17_moe_annotation,female_18_to_19,female_18_to_19_annotation,female_18_to_19_moe,female_18_to_19_moe_annotation,female_20,female_20_annotation,female_20_moe,female_20_moe_annotation,female_21,female_21_annotation,female_21_moe,female_21_moe_annotation,female_22_to_24,female_22_to_24_annotation,female_22_to_24_moe,female_22_to_24_moe_annotation,female_25_to_29,female_25_to_29_annotation,female_25_to_29_moe,female_25_to_29_moe_annotation,female_30_to_34,female_30_to_34_annotation,female_30_to_34_moe,female_30_to_34_moe_annotation,female_35_to_39,female_35_to_39_annotation,female_35_to_39_moe,female_35_to_39_moe_annotation,female_40_to_44,female_40_to_44_annotation,female_40_to_44_moe,female_40_to_44_moe_annotation,female_45_to_49,female_45_to_49_annotation,female_45_to_49_moe,female_45_to_49_moe_annotation,female_50_to_54,female_50_to_54_annotation,female_50_to_54_moe,female_50_to_54_moe_annotation,female_55_to_59,female_55_to_59_annotation,female_55_to_59_moe,female_55_to_59_moe_annotation,female_60_to_61,female_60_to_61_annotation,female_60_to_61_moe,female_60_to_61_moe_annotation,female_62_to_64,female_62_to_64_annotation,female_62_to_64_moe,female_62_to_64_moe_annotation,female_65_to_66,female_65_to_66_annotation,female_65_to_66_moe,female_65_to_66_moe_annotation,female_67_to_69,female_67_to_69_annotation,female_67_to_69_moe,female_67_to_69_moe_annotation,female_70_to_74,female_70_to_74_annotation,female_70_to_74_moe,female_70_to_74_moe_annotation,female_75_to_79,female_75_to_79_annotation,female_75_to_79_moe,female_75_to_79_moe_annotation,female_80_to_84,female_80_to_84_annotation,female_80_to_84_moe,female_80_to_84_moe_annotation,female_85_and_over,female_85_and_over_annotation,female_85_and_over_moe,female_85_and_over_moe_annotation,total_under_5,total_5_to_9,total_10_to_14,total_15_to_17,total_18_to_19,total_20,total_21,total_22_to_24,total_25_to_29,total_30_to_34,total_35_to_39,total_40_to_44,total_45_to_49,total_50_to_54,total_55_to_59,total_60_to_61,total_62_to_64,total_65_to_66,total_67_to_69,total_70_to_74,total_75_to_79,total_80_to_84,total_85_and_over,total_0_to_17,male_0_to_17,female_0_to_17,total_5_to_17,male_5_to_17,female_5_to_17,total_0_9,male_0_9,female_0_9,total_10_to_17,male_10_to_17,female_10_to_17,total_18_to_34,male_18_to_34,female_18_to_34,total_35_to_49,male_35_to_49,female_35_to_49,total_50_to_64,male_50_to_64,female_50_to_64,total_65_and_over,male_65_and_over,female_65_and_over
27,Minnesota,5527358.0,,-555555555.0,*****,2751748.0,,749.0,,179875.0,,380.0,,186233.0,,1810.0,,184617.0,,1790.0,,110022.0,,402.0,,72331.0,,524.0,,37892.0,,1313.0,,36115.0,,1154.0,,109878.0,,1687.0,,188730.0,,516.0,,194922.0,,454.0,,182777.0,27,,1786.0,,164773.0,,1760.0,,174263.0,,463.0,,190011.0,,346.0,,194870.0,,1533.0,,69964.0,,1163.0,,100279.0,,1384.0,,58582.0,,1026.0,,75006.0,,1198.0,,93172.0,,956.0,,63535.0,,957.0,,42503.0,,946.0,,41398.0,,844.0,,2775610.0,,749.0,,171865.0,,366.0,,177695.0,,1642.0,,176879.0,,1635.0,,104421.0,,338.0,,69724.0,,486.0,,35357.0,,1154.0,,35401.0,,1077.0,,107291.0,,1422.0,,179320.0,,484.0,,189972.0,,494.0,,176299.0,,1801.0,,161719.0,,1739.0,,171011.0,,391.0,,190429.0,,360.0,,198585.0,,1630.0,,72268.0,,1203.0,,101458.0,,1474.0,,60585.0,,1116.0,,80594.0,,1235.0,,102752.0,,1323.0,,77644.0,,1056.0,,59403.0,,1013.0,,74938.0,,1046.0,,351740.0,363928.0,361496.0,214443.0,142055.0,73249.0,71516.0,217169.0,368050.0,384894.0,359076.0,326492.0,345274.0,380440.0,393455.0,142232.0,201737.0,119167.0,155600.0,195924.0,141179.0,101906.0,116336.0,1291607.0,660747.0,630860.0,939867.0,480872.0,458995.0,715668.0,366108.0,349560.0,575939.0,294639.0,281300.0,1256933.0,639868.0,617065.0,1030842.0,521813.0,509029.0,1117864.0,555124.0,562740.0,830112.0,374196.0,455916.0
28,Mississippi,2988762.0,,-555555555.0,*****,1450379.0,,1115.0,,95979.0,,700.0,,102480.0,,1952.0,,106018.0,,1953.0,,63377.0,,655.0,,45181.0,,906.0,,23790.0,,1284.0,,22584.0,,1319.0,,61421.0,,1673.0,,100717.0,,735.0,,90580.0,,879.0,,92633.0,28,,1692.0,,88342.0,,1719.0,,88387.0,,669.0,,93735.0,,604.0,,94243.0,,1462.0,,36691.0,,1480.0,,49642.0,,1153.0,,30461.0,,953.0,,40787.0,,1012.0,,51581.0,,1233.0,,36006.0,,1050.0,,20518.0,,762.0,,15226.0,,884.0,,1538383.0,,1115.0,,92596.0,,766.0,,98094.0,,1694.0,,101336.0,,1780.0,,60428.0,,610.0,,43900.0,,935.0,,22922.0,,1033.0,,23078.0,,1080.0,,58264.0,,1394.0,,101372.0,,630.0,,96094.0,,544.0,,97471.0,,1668.0,,92468.0,,1676.0,,95135.0,,542.0,,101016.0,,498.0,,103293.0,,1699.0,,39832.0,,1212.0,,56185.0,,1467.0,,33996.0,,1059.0,,46741.0,,1145.0,,61955.0,,1279.0,,46106.0,,1151.0,,32666.0,,972.0,,33435.0,,996.0,,188575.0,200574.0,207354.0,123805.0,89081.0,46712.0,45662.0,119685.0,202089.0,186674.0,190104.0,180810.0,183522.0,194751.0,197536.0,76523.0,105827.0,64457.0,87528.0,113536.0,82112.0,53184.0,48661.0,720308.0,367854.0,352454.0,531733.0,271875.0,259858.0,389149.0,198459.0,190690.0,331159.0,169395.0,161764.0,689903.0,344273.0,345630.0,554436.0,269362.0,285074.0,574637.0,274311.0,300326.0,449478.0,194579.0,254899.0
29,Missouri,6090062.0,,-555555555.0,*****,2988772.0,,1158.0,,191209.0,,599.0,,194598.0,,2100.0,,201574.0,,2123.0,,122092.0,,608.0,,82610.0,,821.0,,45190.0,,1634.0,,43901.0,,1421.0,,125747.0,,1990.0,,206022.0,,750.0,,198711.0,,770.0,,190079.0,29,,2174.0,,175047.0,,2153.0,,184785.0,,615.0,,203502.0,,525.0,,204846.0,,1861.0,,78470.0,,1428.0,,108973.0,,1535.0,,64196.0,,1622.0,,85541.0,,1662.0,,112267.0,,1570.0,,76976.0,,1134.0,,50603.0,,1120.0,,41833.0,,1004.0,,3101290.0,,1158.0,,181723.0,,576.0,,186985.0,,1952.0,,191061.0,,1946.0,,115821.0,,567.0,,76296.0,,639.0,,43329.0,,1450.0,,41696.0,,1668.0,,121392.0,,1979.0,,205093.0,,591.0,,199198.0,,664.0,,188912.0,,2230.0,,179482.0,,2242.0,,189784.0,,633.0,,209889.0,,538.0,,220493.0,,2064.0,,83330.0,,1841.0,,116530.0,,1942.0,,70898.0,,1632.0,,97292.0,,1615.0,,131292.0,,1903.0,,98004.0,,1428.0,,70311.0,,1456.0,,82479.0,,1387.0,,372932.0,381583.0,392635.0,237913.0,158906.0,88519.0,85597.0,247139.0,411115.0,397909.0,378991.0,354529.0,374569.0,413391.0,425339.0,161800.0,225503.0,135094.0,182833.0,243559.0,174980.0,120914.0,124312.0,1385063.0,709473.0,675590.0,1012131.0,518264.0,493867.0,754515.0,385807.0,368708.0,630548.0,323666.0,306882.0,1389185.0,702181.0,687004.0,1108089.0,549911.0,558178.0,1226033.0,595791.0,630242.0,981692.0,431416.0,550276.0
30,Montana,1041732.0,,-555555555.0,*****,524220.0,,629.0,,32041.0,,451.0,,32428.0,,677.0,,32877.0,,750.0,,19675.0,,233.0,,13789.0,,442.0,,8742.0,,706.0,,7621.0,,565.0,,22453.0,,883.0,,34244.0,,384.0,,33057.0,,333.0,,32959.0,30,,1073.0,,29195.0,,1060.0,,29955.0,,336.0,,33003.0,,277.0,,36495.0,,747.0,,15636.0,,623.0,,22215.0,,683.0,,13700.0,,602.0,,18214.0,,605.0,,23139.0,,618.0,,15307.0,,474.0,,9545.0,,495.0,,7930.0,,451.0,,517512.0,,629.0,,29769.0,,327.0,,31113.0,,910.0,,31350.0,,873.0,,18339.0,,325.0,,12649.0,,396.0,,6482.0,,452.0,,6914.0,,603.0,,21223.0,,774.0,,32246.0,,381.0,,32412.0,,347.0,,31222.0,,874.0,,27533.0,,878.0,,29146.0,,296.0,,33798.0,,274.0,,38760.0,,914.0,,15851.0,,688.0,,22717.0,,905.0,,13298.0,,582.0,,18546.0,,604.0,,22874.0,,852.0,,16596.0,,525.0,,11503.0,,588.0,,13171.0,,562.0,,61810.0,63541.0,64227.0,38014.0,26438.0,15224.0,14535.0,43676.0,66490.0,65469.0,64181.0,56728.0,59101.0,66801.0,75255.0,31487.0,44932.0,26998.0,36760.0,46013.0,31903.0,21048.0,21101.0,227592.0,117021.0,110571.0,165782.0,84980.0,80802.0,125351.0,64469.0,60882.0,102241.0,52552.0,49689.0,231832.0,119906.0,111926.0,180010.0,92109.0,87901.0,218475.0,107349.0,111126.0,183823.0,87835.0,95988.0
31,Nebraska,1904760.0,,-555555555.0,*****,949910.0,,674.0,,67859.0,,358.0,,67718.0,,1187.0,,67602.0,,1140.0,,39442.0,,272.0,,27307.0,,320.0,,13668.0,,817.0,,14948.0,,729.0,,41167.0,,1059.0,,64390.0,,322.0,,65885.0,,359.0,,62535.0,31,,1214.0,,55944.0,,1121.0,,55660.0,,317.0,,59732.0,,279.0,,62220.0,,1010.0,,24543.0,,868.0,,31666.0,,732.0,,19820.0,,558.0,,24724.0,,718.0,,31581.0,,601.0,,22081.0,,588.0,,15354.0,,606.0,,14064.0,,448.0,,954850.0,,673.0,,63953.0,,401.0,,64572.0,,1050.0,,64357.0,,1050.0,,37015.0,,251.0,,25586.0,,374.0,,14545.0,,824.0,,13137.0,,841.0,,39421.0,,1138.0,,60569.0,,317.0,,63533.0,,352.0,,60669.0,,990.0,,53511.0,,988.0,,53974.0,,331.0,,59682.0,,322.0,,63150.0,,1004.0,,24256.0,,725.0,,34464.0,,821.0,,20290.0,,666.0,,27509.0,,704.0,,35129.0,,697.0,,26737.0,,642.0,,21525.0,,619.0,,27266.0,,712.0,,131812.0,132290.0,131959.0,76457.0,52893.0,28213.0,28085.0,80588.0,124959.0,129418.0,123204.0,109455.0,109634.0,119414.0,125370.0,48799.0,66130.0,40110.0,52233.0,66710.0,48818.0,36879.0,41330.0,472518.0,242621.0,229897.0,340706.0,174762.0,165944.0,264102.0,135577.0,128525.0,208416.0,107044.0,101372.0,444156.0,227365.0,216791.0,342293.0,174139.0,168154.0,359713.0,178161.0,181552.0,286080.0,127624.0,158456.0
32,Nevada,2922849.0,,-555555555.0,*****,1467165.0,,377.0,,93316.0,,211.0,,97511.0,,1428.0,,96078.0,,1450.0,,57719.0,,251.0,,33737.0,,270.0,,19239.0,,1082.0,,18535.0,,896.0,,55066.0,,1273.0,,109890.0,,310.0,,106517.0,,276.0,,99481.0,32,,1714.0,,97941.0,,1642.0,,99550.0,,263.0,,98101.0,,270.0,,92745.0,,1556.0,,35012.0,,1259.0,,49290.0,,1185.0,,30857.0,,1084.0,,43429.0,,1232.0,,57648.0,,1219.0,,37116.0,,968.0,,22677.0,,870.0,,15710.0,,811.0,,1455684.0,,377.0,,88995.0,,245.0,,91454.0,,1483.0,,94554.0,,1465.0,,54849.0,,212.0,,30908.0,,214.0,,17688.0,,1005.0,,17213.0,,926.0,,54537.0,,1203.0,,105969.0,,199.0,,102119.0,,216.0,,96169.0,,1606.0,,96375.0,,1562.0,,95944.0,,247.0,,95051.0,,209.0,,93462.0,,1527.0,,36928.0,,1158.0,,52855.0,,1379.0,,33653.0,,1079.0,,46380.0,,1141.0,,61156.0,,1187.0,,40082.0,,810.0,,25384.0,,842.0,,23959.0,,853.0,,182311.0,188965.0,190632.0,112568.0,64645.0,36927.0,35748.0,109603.0,215859.0,208636.0,195650.0,194316.0,195494.0,193152.0,186207.0,71940.0,102145.0,64510.0,89809.0,118804.0,77198.0,48061.0,39669.0,674476.0,344624.0,329852.0,492165.0,251308.0,240857.0,371276.0,190827.0,180449.0,303200.0,153797.0,149403.0,671418.0,342984.0,328434.0,585460.0,296972.0,288488.0,553444.0,275148.0,278296.0,438051.0,207437.0,230614.0
33,New Hampshire,1343622.0,,-555555555.0,*****,664983.0,,433.0,,32777.0,,204.0,,36680.0,,935.0,,38934.0,,960.0,,25686.0,,220.0,,19324.0,,327.0,,9623.0,,573.0,,8856.0,,627.0,,28068.0,,929.0,,42722.0,,301.0,,40204.0,,219.0,,38624.0,33,,933.0,,38820.0,,933.0,,46684.0,,240.0,,52806.0,,289.0,,54593.0,,1138.0,,19758.0,,864.0,,26922.0,,1042.0,,16994.0,,699.0,,21998.0,,724.0,,26638.0,,747.0,,16705.0,,631.0,,11045.0,,546.0,,10522.0,,614.0,,678639.0,,433.0,,31302.0,,219.0,,35323.0,,1093.0,,37675.0,,1081.0,,24186.0,,227.0,,19456.0,,337.0,,9195.0,,799.0,,9239.0,,808.0,,25183.0,,904.0,,39176.0,,255.0,,39439.0,,223.0,,38050.0,,884.0,,40177.0,,976.0,,47359.0,,238.0,,54071.0,,259.0,,55894.0,,1062.0,,21091.0,,854.0,,27741.0,,915.0,,17026.0,,743.0,,23587.0,,825.0,,29472.0,,831.0,,20468.0,,745.0,,14689.0,,756.0,,18840.0,,701.0,,64079.0,72003.0,76609.0,49872.0,38780.0,18818.0,18095.0,53251.0,81898.0,79643.0,76674.0,78997.0,94043.0,106877.0,110487.0,40849.0,54663.0,34020.0,45585.0,56110.0,37173.0,25734.0,29362.0,262563.0,134077.0,128486.0,198484.0,101300.0,97184.0,136082.0,69457.0,66625.0,126481.0,64620.0,61861.0,290485.0,148797.0,141688.0,249714.0,124128.0,125586.0,312876.0,154079.0,158797.0,227984.0,103902.0,124082.0
34,New Jersey,8881845.0,,-555555555.0,*****,4335930.0,,472.0,,266146.0,,204.0,,274580.0,,2498.0,,287970.0,,2547.0,,178390.0,,257.0,,112019.0,,229.0,,56134.0,,1736.0,,58760.0,,1434.0,,172487.0,,1801.0,,290424.0,,320.0,,285524.0,,249.0,,283386.0,34,,2462.0,,282410.0,,2467.0,,304386.0,,248.0,,322210.0,,259.0,,308091.0,,2265.0,,112999.0,,2005.0,,150687.0,,2083.0,,86995.0,,1696.0,,118292.0,,1932.0,,148824.0,,1732.0,,102064.0,,1490.0,,67531.0,,1389.0,,65621.0,,1313.0,,4545915.0,,472.0,,255538.0,,230.0,,265755.0,,2594.0,,274698.0,,2645.0,,170325.0,,222.0,,104436.0,,267.0,,54403.0,,1656.0,,53892.0,,1710.0,,166770.0,,2069.0,,276273.0,,253.0,,283444.0,,247.0,,289582.0,,2409.0,,287846.0,,2363.0,,319607.0,,258.0,,340042.0,,267.0,,328115.0,,2790.0,,124350.0,,2107.0,,163303.0,,2136.0,,99856.0,,1860.0,,135876.0,,2058.0,,182702.0,,2375.0,,133834.0,,1879.0,,103217.0,,1923.0,,132051.0,,1934.0,,521684.0,540335.0,562668.0,348715.0,216455.0,110537.0,112652.0,339257.0,566697.0,568968.0,572968.0,570256.0,623993.0,662252.0,636206.0,237349.0,313990.0,186851.0,254168.0,331526.0,235898.0,170748.0,197672.0,1973402.0,1007086.0,966316.0,1451718.0,740940.0,710778.0,1062019.0,540726.0,521293.0,911383.0,466360.0,445023.0,1914566.0,975348.0,939218.0,1767217.0,870182.0,897035.0,1849797.0,893987.0,955810.0,1376863.0,589327.0,787536.0
35,New Mexico,2092434.0,,-555555555.0,*****,1035850.0,,702.0,,65489.0,,351.0,,68991.0,,1481.0,,74413.0,,1534.0,,43073.0,,340.0,,28906.0,,494.0,,14532.0,,874.0,,16461.0,,1039.0,,46280.0,,1101.0,,72920.0,,451.0,,71647.0,,546.0,,65487.0,35,,1252.0,,58525.0,,1245.0,,59422.0,,387.0,,64072.0,,315.0,,66737.0,,1276.0,,26595.0,,1034.0,,36576.0,,1149.0,,23323.0,,853.0,,31120.0,,1049.0,,41466.0,,1136.0,,27747.0,,817.0,,17926.0,,848.0,,14142.0,,684.0,,1056584.0,,702.0,,62868.0,,344.0,,68869.0,,1473.0,,69480.0,,1413.0,,40981.0,,374.0,,27228.0,,438.0,,15083.0,,951.0,,14125.0,,851.0,,41375.0,,1154.0,,68360.0,,538.0,,67732.0,,421.0,,62609.0,,1321.0,,60633.0,,1295.0,,61011.0,,359.0,,67898.0,,260.0,,73080.0,,1407.0,,28397.0,,960.0,,41064.0,,1165.0,,26582.0,,1209.0,,34992.0,,1094.0,,45445.0,,1143.0,,32319.0,,888.0,,23045.0,,783.0,,23408.0,,883.0,,128357.0,137860.0,143893.0,84054.0,56134.0,29615.0,30586.0,87655.0,141280.0,139379.0,128096.0,119158.0,120433.0,131970.0,139817.0,54992.0,77640.0,49905.0,66112.0,86911.0,60066.0,40971.0,37550.0,494164.0,251966.0,242198.0,365807.0,186477.0,179330.0,266217.0,134480.0,131737.0,227947.0,117486.0,110461.0,484649.0,250746.0,233903.0,367687.0,183434.0,184253.0,404419.0,193980.0,210439.0,341515.0,155724.0,185791.0
36,New York,19618453.0,,-555555555.0,*****,9519555.0,,859.0,,594981.0,,459.0,,572979.0,,3455.0,,586127.0,,3535.0,,362400.0,,410.0,,260177.0,,698.0,,139796.0,,2764.0,,136000.0,,2438.0,,405268.0,,3487.0,,742377.0,,661.0,,684918.0,,642.0,,616111.0,36,,4299.0,,585959.0,,4234.0,,631943.0,,722.0,,668150.0,,596.0,,648749.0,,3977.0,,246711.0,,3086.0,,327039.0,,3394.0,,197948.0,,2531.0,,258792.0,,2564.0,,328161.0,,2727.0,,226282.0,,2521.0,,153959.0,,2262.0,,144728.0,,2023.0,,10098898.0,,859.0,,568625.0,,437.0,,548195.0,,3531.0,,560394.0,,3485.0,,347932.0,,449.0,,254251.0,,741.0,,135247.0,,2674.0,,133323.0,,3236.0,,406416.0,,3712.0,,741922.0,,590.0,,691625.0,,583.0,,635317.0,,4185.0,,608683.0,,4209.0,,664013.0,,471.0,,711540.0,,478.0,,693619.0,,3693.0,,275065.0,,2931.0,,363912.0,,3397.0,,228196.0,,2963.0,,302021.0,,3438.0,,404448.0,,3810.0,,302182.0,,2695.0,,228389.0,,2465.0,,293583.0,,2447.0,,1163606.0,1121174.0,1146521.0,710332.0,514428.0,275043.0,269323.0,811684.0,1484299.0,1376543.0,1251428.0,1194642.0,1295956.0,1379690.0,1342368.0,521776.0,690951.0,426144.0,560813.0,732609.0,528464.0,382348.0,438311.0,4141633.0,2116487.0,2025146.0,2978027.0,1521506.0,1456521.0,2284780.0,1167960.0,1116820.0,1856853.0,948527.0,908326.0,4731320.0,2368536.0,2362784.0,3742026.0,1834013.0,1908013.0,3934785.0,1890649.0,2044136.0,3068689.0,1309870.0,1758819.0
37,North Carolina,10155624.0,,-555555555.0,*****,4944759.0,,1509.0,,308599.0,,789.0,,323060.0,,2894.0,,337551.0,,2892.0,,201335.0,,690.0,,143919.0,,1081.0,,79011.0,,2048.0,,76073.0,,1972.0,,208855.0,,2423.0,,344310.0,,899.0,,318284.0,,816.0,,310634.0,37,,3347.0,,323661.0,,3191.0,,335652.0,,787.0,,335438.0,,718.0,,323640.0,,2619.0,,122190.0,,1892.0,,167443.0,,2050.0,,106784.0,,1911.0,,146604.0,,1978.0,,181219.0,,2045.0,,120326.0,,1465.0,,73844.0,,1370.0,,56327.0,,1295.0,,5210865.0,,1509.0,,294594.0,,711.0,,312286.0,,3106.0,,321145.0,,3096.0,,194046.0,,544.0,,136995.0,,989.0,,68980.0,,1946.0,,67299.0,,2130.0,,200102.0,,2687.0,,347356.0,,684.0,,329535.0,,810.0,,328935.0,,3177.0,,336015.0,,3198.0,,350558.0,,685.0,,354986.0,,587.0,,353337.0,,2938.0,,135186.0,,2180.0,,193616.0,,2863.0,,121442.0,,1855.0,,166596.0,,2117.0,,219244.0,,2325.0,,154668.0,,1956.0,,109841.0,,1864.0,,114103.0,,1741.0,,603193.0,635346.0,658696.0,395381.0,280914.0,147991.0,143372.0,408957.0,691666.0,647819.0,639569.0,659676.0,686210.0,690424.0,676977.0,257376.0,361059.0,228226.0,313200.0,400463.0,274994.0,183685.0,170430.0,2292616.0,1170545.0,1122071.0,1689423.0,861946.0,827477.0,1238539.0,631659.0,606880.0,1054077.0,538886.0,515191.0,2320719.0,1170452.0,1150267.0,1985455.0,969947.0,1015508.0,1985836.0,948711.0,1037125.0,1570998.0,685104.0,885894.0
38,North Dakota,752201.0,,-555555555.0,*****,386183.0,,640.0,,26850.0,,261.0,,26003.0,,635.0,,22931.0,,629.0,,13522.0,,362.0,,11561.0,,357.0,,6919.0,,606.0,,7400.0,,742.0,,21228.0,,841.0,,32642.0,,437.0,,29397.0,,511.0,,24267.0,38,,894.0,,21177.0,,979.0,,20737.0,,361.0,,23332.0,,355.0,,25372.0,,697.0,,9776.0,,491.0,,13204.0,,576.0,,7980.0,,386.0,,9235.0,,483.0,,11960.0,,451.0,,8477.0,,376.0,,5855.0,,299.0,,6358.0,,386.0,,366018.0,,638.0,,25970.0,,305.0,,24634.0,,747.0,,21358.0,,742.0,,12450.0,,281.0,,10118.0,,326.0,,5608.0,,490.0,,5796.0,,572.0,,19620.0,,649.0,,27263.0,,361.0,,24204.0,,233.0,,21413.0,,637.0,,19044.0,,711.0,,19537.0,,301.0,,22380.0,,250.0,,24497.0,,518.0,,8991.0,,516.0,,13090.0,,511.0,,7066.0,,411.0,,9498.0,,424.0,,12989.0,,514.0,,9973.0,,459.0,,9017.0,,578.0,,11502.0,,495.0,,52820.0,50637.0,44289.0,25972.0,21679.0,12527.0,13196.0,40848.0,59905.0,53601.0,45680.0,40221.0,40274.0,45712.0,49869.0,18767.0,26294.0,15046.0,18733.0,24949.0,18450.0,14872.0,17860.0,173718.0,89306.0,84412.0,120898.0,62456.0,58442.0,103457.0,52853.0,50604.0,70261.0,36453.0,33808.0,201756.0,109147.0,92609.0,126175.0,66181.0,59994.0,140642.0,71684.0,68958.0,109910.0,49865.0,60045.0
39,Ohio,11641879.0,,-555555555.0,*****,5703967.0,,1143.0,,356158.0,,582.0,,364904.0,,2531.0,,381863.0,,2626.0,,236227.0,,532.0,,159095.0,,667.0,,83433.0,,2035.0,,81108.0,,2086.0,,229404.0,,2785.0,,393824.0,,677.0,,363447.0,,830.0,,350595.0,39,,3016.0,,342335.0,,2950.0,,368484.0,,689.0,,392569.0,,668.0,,405748.0,,2720.0,,157204.0,,2321.0,,212336.0,,2537.0,,129721.0,,1634.0,,169754.0,,2306.0,,204267.0,,2365.0,,144488.0,,1691.0,,92737.0,,1434.0,,84266.0,,1376.0,,5937912.0,,1143.0,,339775.0,,611.0,,348619.0,,2472.0,,365846.0,,2460.0,,224776.0,,545.0,,152101.0,,789.0,,78172.0,,1930.0,,79030.0,,2021.0,,224283.0,,2494.0,,385070.0,,731.0,,363140.0,,637.0,,351759.0,,2503.0,,348864.0,,2535.0,,376196.0,,594.0,,407180.0,,521.0,,429172.0,,2757.0,,166350.0,,2580.0,,229951.0,,2671.0,,142146.0,,1898.0,,189626.0,,1798.0,,245127.0,,1862.0,,186771.0,,2337.0,,136152.0,,1992.0,,167806.0,,2123.0,,695933.0,713523.0,747709.0,461003.0,311196.0,161605.0,160138.0,453687.0,778894.0,726587.0,702354.0,691199.0,744680.0,799749.0,834920.0,323554.0,442287.0,271867.0,359380.0,449394.0,331259.0,228889.0,252072.0,2618168.0,1339152.0,1279016.0,1922235.0,982994.0,939241.0,1409456.0,721062.0,688394.0,1208712.0,618090.0,590622.0,2592107.0,1310311.0,1281796.0,2138233.0,1061414.0,1076819.0,2400510.0,1167857.0,1232653.0,1892861.0,825233.0,1067628.0
40,Oklahoma,3918137.0,,-555555555.0,*****,1941576.0,,731.0,,135154.0,,378.0,,137262.0,,1498.0,,137209.0,,1531.0,,81186.0,,351.0,,55006.0,,505.0,,30637.0,,921.0,,29915.0,,1090.0,,84040.0,,1142.0,,139956.0,,554.0,,135278.0,,472.0,,125658.0,40,,1581.0,,116665.0,,1545.0,,114931.0,,455.0,,121758.0,,438.0,,124069.0,,1187.0,,46274.0,,884.0,,64471.0,,1063.0,,39034.0,,933.0,,51888.0,,1002.0,,68963.0,,951.0,,47262.0,,868.0,,30719.0,,733.0,,24241.0,,764.0,,1976561.0,,731.0,,128838.0,,454.0,,130543.0,,1688.0,,131984.0,,1680.0,,76530.0,,307.0,,50273.0,,549.0,,30957.0,,1061.0,,27648.0,,1140.0,,76954.0,,1192.0,,134805.0,,421.0,,131742.0,,465.0,,122208.0,,1386.0,,116843.0,,1370.0,,114977.0,,387.0,,124032.0,,359.0,,130974.0,,1496.0,,49921.0,,1035.0,,70209.0,,1190.0,,42598.0,,1098.0,,60063.0,,1155.0,,78917.0,,1220.0,,58739.0,,1100.0,,42796.0,,1086.0,,44010.0,,1058.0,,263992.0,267805.0,269193.0,157716.0,105279.0,61594.0,57563.0,160994.0,274761.0,267020.0,247866.0,233508.0,229908.0,245790.0,255043.0,96195.0,134680.0,81632.0,111951.0,147880.0,106001.0,73515.0,68251.0,958706.0,490811.0,467895.0,694714.0,355657.0,339057.0,531797.0,272416.0,259381.0,426909.0,218395.0,208514.0,927211.0,474832.0,452379.0,711282.0,357254.0,354028.0,731708.0,356572.0,375136.0,589230.0,262107.0,327123.0
41,Oregon,4081943.0,,-555555555.0,*****,2023021.0,,728.0,,118970.0,,369.0,,122957.0,,1857.0,,126795.0,,1872.0,,76339.0,,406.0,,49816.0,,582.0,,27326.0,,1266.0,,26926.0,,1141.0,,81255.0,,1425.0,,145960.0,,446.0,,144020.0,,402.0,,141355.0,41,,1990.0,,130661.0,,1994.0,,129889.0,,454.0,,127306.0,,459.0,,128966.0,,1723.0,,53391.0,,1286.0,,79320.0,,1559.0,,49550.0,,1199.0,,66626.0,,1213.0,,80271.0,,1277.0,,52718.0,,1001.0,,32741.0,,1009.0,,29863.0,,751.0,,2058922.0,,728.0,,112957.0,,427.0,,119662.0,,1771.0,,118774.0,,1748.0,,71724.0,,386.0,,48213.0,,675.0,,27353.0,,942.0,,26395.0,,1085.0,,75788.0,,1350.0,,140633.0,,461.0,,141840.0,,419.0,,138795.0,,1929.0,,126958.0,,1938.0,,127705.0,,460.0,,129210.0,,344.0,,137946.0,,1780.0,,58438.0,,1372.0,,85754.0,,1706.0,,53351.0,,1257.0,,72996.0,,1224.0,,89182.0,,1282.0,,60376.0,,1125.0,,41473.0,,992.0,,53399.0,,1212.0,,231927.0,242619.0,245569.0,148063.0,98029.0,54679.0,53321.0,157043.0,286593.0,285860.0,280150.0,257619.0,257594.0,256516.0,266912.0,111829.0,165074.0,102901.0,139622.0,169453.0,113094.0,74214.0,83262.0,868178.0,445061.0,423117.0,636251.0,326091.0,310160.0,474546.0,241927.0,232619.0,393632.0,203134.0,190498.0,935525.0,475303.0,460222.0,795363.0,401905.0,393458.0,800331.0,388983.0,411348.0,682546.0,311769.0,370777.0
42,Pennsylvania,12791181.0,,-555555555.0,*****,6263189.0,,713.0,,363116.0,,447.0,,370321.0,,3011.0,,392373.0,,3035.0,,243871.0,,370.0,,178501.0,,731.0,,89843.0,,2167.0,,86600.0,,1940.0,,251752.0,,2856.0,,438627.0,,570.0,,407723.0,,642.0,,376257.0,42,,3033.0,,369650.0,,3023.0,,409982.0,,566.0,,443672.0,,477.0,,455388.0,,3014.0,,176595.0,,2040.0,,240840.0,,2318.0,,144701.0,,1824.0,,194334.0,,1784.0,,239173.0,,1871.0,,166919.0,,1882.0,,115288.0,,1667.0,,107663.0,,1699.0,,6527992.0,,713.0,,346134.0,,441.0,,356853.0,,2799.0,,372450.0,,2767.0,,230212.0,,407.0,,173742.0,,471.0,,86458.0,,1961.0,,87445.0,,2046.0,,240147.0,,2320.0,,422317.0,,505.0,,399081.0,,457.0,,373085.0,,2881.0,,376230.0,,2947.0,,418134.0,,527.0,,459506.0,,400.0,,479286.0,,2778.0,,187882.0,,2602.0,,257247.0,,2403.0,,158387.0,,1920.0,,216160.0,,2098.0,,283264.0,,2225.0,,216092.0,,2199.0,,171292.0,,2036.0,,216588.0,,2471.0,,709250.0,727174.0,764823.0,474083.0,352243.0,176301.0,174045.0,491899.0,860944.0,806804.0,749342.0,745880.0,828116.0,903178.0,934674.0,364477.0,498087.0,303088.0,410494.0,522437.0,383011.0,286580.0,324251.0,2675330.0,1369681.0,1305649.0,1966080.0,1006565.0,959515.0,1436424.0,733437.0,702987.0,1238906.0,636244.0,602662.0,2862236.0,1453046.0,1409190.0,2323338.0,1155889.0,1167449.0,2700416.0,1316495.0,1383921.0,2229861.0,968078.0,1261783.0
44,Rhode Island,1056611.0,,-555555555.0,*****,513332.0,,272.0,,28137.0,,187.0,,29302.0,,948.0,,30294.0,,930.0,,19311.0,,165.0,,17232.0,,223.0,,8511.0,,677.0,,7754.0,,625.0,,23724.0,,808.0,,38292.0,,208.0,,34148.0,,228.0,,31068.0,44,,963.0,,30035.0,,979.0,,33847.0,,204.0,,37099.0,,184.0,,36680.0,,990.0,,14153.0,,761.0,,19099.0,,821.0,,11275.0,,581.0,,15214.0,,611.0,,18719.0,,637.0,,12281.0,,567.0,,8990.0,,460.0,,8167.0,,489.0,,543279.0,,272.0,,26450.0,,184.0,,28233.0,,902.0,,28649.0,,890.0,,18493.0,,160.0,,18342.0,,336.0,,9246.0,,616.0,,9190.0,,704.0,,20555.0,,905.0,,36762.0,,257.0,,33675.0,,225.0,,32049.0,,935.0,,30259.0,,942.0,,35915.0,,194.0,,39784.0,,268.0,,40052.0,,1027.0,,15277.0,,719.0,,20784.0,,891.0,,12566.0,,616.0,,16933.0,,771.0,,22093.0,,763.0,,15583.0,,742.0,,13579.0,,776.0,,18810.0,,711.0,,54587.0,57535.0,58943.0,37804.0,35574.0,17757.0,16944.0,44279.0,75054.0,67823.0,63117.0,60294.0,69762.0,76883.0,76732.0,29430.0,39883.0,23841.0,32147.0,40812.0,27864.0,22569.0,26977.0,208869.0,107044.0,101825.0,154282.0,78907.0,75375.0,112122.0,57439.0,54683.0,96747.0,49605.0,47142.0,257431.0,129661.0,127770.0,193173.0,94950.0,98223.0,222928.0,107031.0,115897.0,174210.0,74646.0,99564.0
45,South Carolina,4955925.0,,-555555555.0,*****,2405726.0,,860.0,,147614.0,,565.0,,157158.0,,2273.0,,158505.0,,2190.0,,95185.0,,463.0,,70760.0,,570.0,,38450.0,,1477.0,,38070.0,,1524.0,,97990.0,,1818.0,,167118.0,,663.0,,153268.0,,715.0,,145983.0,45,,2214.0,,148438.0,,2220.0,,151865.0,,523.0,,160572.0,,497.0,,156799.0,,2099.0,,62383.0,,1671.0,,87687.0,,1832.0,,55157.0,,1559.0,,81342.0,,1566.0,,100618.0,,1502.0,,64710.0,,1411.0,,37848.0,,1186.0,,28206.0,,1131.0,,2550199.0,,860.0,,142476.0,,515.0,,150252.0,,2108.0,,153768.0,,2171.0,,91293.0,,470.0,,66402.0,,749.0,,32596.0,,1477.0,,33800.0,,1410.0,,96604.0,,1851.0,,171078.0,,492.0,,157998.0,,497.0,,156178.0,,2110.0,,152677.0,,2233.0,,161955.0,,389.0,,173441.0,,449.0,,177514.0,,1785.0,,71357.0,,1599.0,,99608.0,,1780.0,,64851.0,,1554.0,,91210.0,,1592.0,,117489.0,,1824.0,,77941.0,,1389.0,,53344.0,,1191.0,,56367.0,,1331.0,,290090.0,307410.0,312273.0,186478.0,137162.0,71046.0,71870.0,194594.0,338196.0,311266.0,302161.0,301115.0,313820.0,334013.0,334313.0,133740.0,187295.0,120008.0,172552.0,218107.0,142651.0,91192.0,84573.0,1096251.0,558462.0,537789.0,806161.0,410848.0,395313.0,597500.0,304772.0,292728.0,498751.0,253690.0,245061.0,1124134.0,565656.0,558478.0,917096.0,446286.0,470810.0,989361.0,467441.0,521920.0,829083.0,367881.0,461202.0
46,South Dakota,864289.0,,-555555555.0,*****,435761.0,,616.0,,30977.0,,289.0,,30696.0,,705.0,,30106.0,,689.0,,17744.0,,282.0,,12278.0,,337.0,,6402.0,,501.0,,6585.0,,681.0,,18210.0,,814.0,,30057.0,,478.0,,29579.0,,384.0,,27302.0,46,,752.0,,24139.0,,653.0,,24337.0,,307.0,,27377.0,,286.0,,29641.0,,775.0,,11162.0,,555.0,,16463.0,,624.0,,10764.0,,480.0,,12331.0,,558.0,,14955.0,,472.0,,10305.0,,434.0,,7280.0,,376.0,,7071.0,,350.0,,428528.0,,616.0,,29430.0,,281.0,,29294.0,,711.0,,28910.0,,752.0,,15909.0,,313.0,,11125.0,,292.0,,6060.0,,542.0,,5710.0,,490.0,,17770.0,,702.0,,27370.0,,324.0,,27283.0,,327.0,,25175.0,,590.0,,22987.0,,582.0,,23068.0,,251.0,,26921.0,,228.0,,29562.0,,733.0,,11194.0,,625.0,,16658.0,,595.0,,9643.0,,484.0,,12936.0,,531.0,,15953.0,,564.0,,12326.0,,505.0,,10051.0,,484.0,,13193.0,,575.0,,60407.0,59990.0,59016.0,33653.0,23403.0,12462.0,12295.0,35980.0,57427.0,56862.0,52477.0,47126.0,47405.0,54298.0,59203.0,22356.0,33121.0,20407.0,25267.0,30908.0,22631.0,17331.0,20264.0,213066.0,109523.0,103543.0,152659.0,78546.0,74113.0,120397.0,61673.0,58724.0,92669.0,47850.0,44819.0,198429.0,103111.0,95318.0,147008.0,75778.0,71230.0,168978.0,84643.0,84335.0,136808.0,62706.0,74102.0
47,Tennessee,6651089.0,,-555555555.0,*****,3243678.0,,1143.0,,206076.0,,722.0,,211506.0,,2543.0,,217232.0,,2548.0,,131783.0,,484.0,,85935.0,,674.0,,47663.0,,1313.0,,46618.0,,1796.0,,133615.0,,1913.0,,230485.0,,765.0,,211847.0,,707.0,,206381.0,47,,2280.0,,207751.0,,2306.0,,215466.0,,759.0,,219604.0,,605.0,,213346.0,,2365.0,,81849.0,,1730.0,,115819.0,,2166.0,,73255.0,,1676.0,,97969.0,,1580.0,,121065.0,,1728.0,,82041.0,,1152.0,,49804.0,,1058.0,,36568.0,,1062.0,,3407411.0,,1143.0,,197515.0,,772.0,,201283.0,,2517.0,,210213.0,,2574.0,,125786.0,,589.0,,81318.0,,725.0,,44847.0,,1564.0,,44571.0,,1610.0,,134422.0,,2254.0,,233417.0,,708.0,,217262.0,,754.0,,215136.0,,2168.0,,208908.0,,2157.0,,222042.0,,598.0,,233143.0,,496.0,,234924.0,,2203.0,,89965.0,,1849.0,,128148.0,,2063.0,,79854.0,,1554.0,,109710.0,,1657.0,,143874.0,,2049.0,,102340.0,,1700.0,,72716.0,,1476.0,,76017.0,,1519.0,,403591.0,412789.0,427445.0,257569.0,167253.0,92510.0,91189.0,268037.0,463902.0,429109.0,421517.0,416659.0,437508.0,452747.0,448270.0,171814.0,243967.0,153109.0,207679.0,264939.0,184381.0,122520.0,112585.0,1501394.0,766597.0,734797.0,1097803.0,560521.0,537282.0,816380.0,417582.0,398798.0,685014.0,349015.0,335999.0,1512000.0,756163.0,755837.0,1275684.0,629598.0,646086.0,1316798.0,630618.0,686180.0,1045213.0,460702.0,584511.0
48,Texas,27885195.0,,-555555555.0,*****,13849775.0,,1886.0,,1022326.0,,1038.0,,1029753.0,,5550.0,,1052203.0,,5798.0,,615659.0,,1304.0,,403141.0,,1384.0,,217800.0,,3414.0,,209558.0,,3731.0,,604014.0,,3566.0,,1055421.0,,1323.0,,1024764.0,,1375.0,,960504.0,48,,5650.0,,924390.0,,5483.0,,882591.0,,1225.0,,857779.0,,1097.0,,812347.0,,4461.0,,295067.0,,3694.0,,397084.0,,3440.0,,233802.0,,2887.0,,313318.0,,3230.0,,388615.0,,3273.0,,257255.0,,2764.0,,163601.0,,2248.0,,128783.0,,2285.0,,14035420.0,,1886.0,,976543.0,,1017.0,,998398.0,,5437.0,,1005211.0,,5310.0,,592593.0,,1100.0,,375799.0,,1467.0,,198864.0,,3395.0,,195571.0,,3907.0,,572403.0,,4196.0,,1014280.0,,1035.0,,999832.0,,1053.0,,955466.0,,5159.0,,927222.0,,5308.0,,895104.0,,954.0,,875566.0,,811.0,,846531.0,,4586.0,,319394.0,,3790.0,,434203.0,,3567.0,,261133.0,,3501.0,,349061.0,,3142.0,,454786.0,,3598.0,,320550.0,,3194.0,,229762.0,,2905.0,,237148.0,,2814.0,,1998869.0,2028151.0,2057414.0,1208252.0,778940.0,416664.0,405129.0,1176417.0,2069701.0,2024596.0,1915970.0,1851612.0,1777695.0,1733345.0,1658878.0,614461.0,831287.0,494935.0,662379.0,843401.0,577805.0,393363.0,365931.0,7292686.0,3719941.0,3572745.0,5293817.0,2697615.0,2596202.0,4027020.0,2052079.0,1974941.0,3265666.0,1667862.0,1597804.0,6871447.0,3514698.0,3356749.0,5545277.0,2767485.0,2777792.0,4837971.0,2362277.0,2475694.0,3337814.0,1485374.0,1852440.0
49,Utah,3045350.0,,-555555555.0,*****,1532768.0,,662.0,,129503.0,,305.0,,133298.0,,1761.0,,133551.0,,1818.0,,75775.0,,326.0,,45260.0,,362.0,,22094.0,,1099.0,,26760.0,,1075.0,,81064.0,,1430.0,,117104.0,,298.0,,111862.0,,366.0,,112895.0,49,,1399.0,,96042.0,,1402.0,,81757.0,,282.0,,75563.0,,326.0,,73856.0,,1146.0,,28600.0,,834.0,,39689.0,,1027.0,,23124.0,,803.0,,29952.0,,838.0,,37894.0,,787.0,,25777.0,,648.0,,16723.0,,609.0,,14625.0,,540.0,,1512582.0,,662.0,,123362.0,,367.0,,128131.0,,1562.0,,123860.0,,1521.0,,71569.0,,271.0,,44672.0,,344.0,,22595.0,,1077.0,,26643.0,,1089.0,,75148.0,,1276.0,,112311.0,,419.0,,108535.0,,285.0,,108431.0,,1485.0,,93095.0,,1462.0,,79317.0,,323.0,,75897.0,,344.0,,75493.0,,1229.0,,29752.0,,981.0,,41597.0,,1059.0,,24589.0,,780.0,,32648.0,,801.0,,42337.0,,898.0,,30080.0,,834.0,,22096.0,,645.0,,20424.0,,707.0,,252865.0,261429.0,257411.0,147344.0,89932.0,44689.0,53403.0,156212.0,229415.0,220397.0,221326.0,189137.0,161074.0,151460.0,149349.0,58352.0,81286.0,47713.0,62600.0,80231.0,55857.0,38819.0,35049.0,919049.0,472127.0,446922.0,666184.0,342624.0,323560.0,514294.0,262801.0,251493.0,404755.0,209326.0,195429.0,794048.0,404144.0,389904.0,571537.0,290694.0,280843.0,440447.0,217708.0,222739.0,320269.0,148095.0,172174.0
50,Vermont,624977.0,,-555555555.0,*****,307973.0,,381.0,,15391.0,,174.0,,16449.0,,543.0,,17800.0,,572.0,,11376.0,,153.0,,10848.0,,226.0,,5426.0,,467.0,,5569.0,,583.0,,12681.0,,591.0,,18658.0,,192.0,,18035.0,,277.0,,17074.0,50,,525.0,,17672.0,,493.0,,19930.0,,205.0,,22383.0,,191.0,,23844.0,,552.0,,9566.0,,392.0,,13424.0,,554.0,,8240.0,,424.0,,10721.0,,438.0,,14106.0,,480.0,,8228.0,,342.0,,5924.0,,317.0,,4628.0,,280.0,,317004.0,,381.0,,14285.0,,159.0,,16075.0,,602.0,,16150.0,,585.0,,10820.0,,210.0,,10178.0,,173.0,,5216.0,,451.0,,5016.0,,551.0,,12002.0,,613.0,,17823.0,,220.0,,18298.0,,222.0,,18188.0,,571.0,,17616.0,,601.0,,20166.0,,136.0,,23822.0,,171.0,,25428.0,,599.0,,10368.0,,521.0,,13850.0,,504.0,,8110.0,,456.0,,12301.0,,519.0,,14778.0,,478.0,,10214.0,,483.0,,7240.0,,411.0,,9060.0,,478.0,,29676.0,32524.0,33950.0,22196.0,21026.0,10642.0,10585.0,24683.0,36481.0,36333.0,35262.0,35288.0,40096.0,46205.0,49272.0,19934.0,27274.0,16350.0,23022.0,28884.0,18442.0,13164.0,13688.0,118346.0,61016.0,57330.0,88670.0,45625.0,43045.0,62200.0,31840.0,30360.0,56146.0,29176.0,26970.0,139750.0,71217.0,68533.0,110646.0,54676.0,55970.0,142685.0,69217.0,73468.0,113550.0,51847.0,61703.0
51,Virginia,8413774.0,,-555555555.0,*****,4138574.0,,1437.0,,262126.0,,826.0,,262476.0,,2572.0,,268863.0,,2551.0,,160621.0,,823.0,,117869.0,,1171.0,,62634.0,,2080.0,,61179.0,,1768.0,,179327.0,,2136.0,,299119.0,,952.0,,292064.0,,1065.0,,275908.0,51,,2972.0,,268434.0,,3019.0,,277972.0,,919.0,,288812.0,,764.0,,275455.0,,2312.0,,103456.0,,1831.0,,138449.0,,1923.0,,85367.0,,1621.0,,114500.0,,1775.0,,141649.0,,1621.0,,93247.0,,1432.0,,59520.0,,1176.0,,49527.0,,1278.0,,4275200.0,,1437.0,,247829.0,,936.0,,256800.0,,2505.0,,253960.0,,2537.0,,154752.0,,740.0,,114625.0,,1211.0,,58370.0,,1713.0,,56928.0,,1614.0,,165063.0,,2544.0,,290642.0,,837.0,,288636.0,,985.0,,281439.0,,2995.0,,270497.0,,2909.0,,286761.0,,828.0,,303545.0,,859.0,,292016.0,,2245.0,,113703.0,,1731.0,,153198.0,,2221.0,,95987.0,,1815.0,,129726.0,,1745.0,,165511.0,,2231.0,,118607.0,,1731.0,,82787.0,,1591.0,,93818.0,,1651.0,,509955.0,519276.0,522823.0,315373.0,232494.0,121004.0,118107.0,344390.0,589761.0,580700.0,557347.0,538931.0,564733.0,592357.0,567471.0,217159.0,291647.0,181354.0,244226.0,307160.0,211854.0,142307.0,143345.0,1867427.0,954086.0,913341.0,1357472.0,691960.0,665512.0,1029231.0,524602.0,504629.0,838196.0,429484.0,408712.0,1986456.0,1012192.0,974264.0,1661011.0,822314.0,838697.0,1668634.0,806172.0,862462.0,1230246.0,543810.0,686436.0
54,West Virginia,1829054.0,,-555555555.0,*****,904196.0,,857.0,,51075.0,,396.0,,52365.0,,1190.0,,54629.0,,1307.0,,33334.0,,354.0,,23822.0,,425.0,,12696.0,,796.0,,13304.0,,794.0,,34599.0,,1004.0,,56442.0,,334.0,,53366.0,,371.0,,54838.0,54,,1300.0,,57543.0,,1273.0,,59124.0,,402.0,,61837.0,,384.0,,64397.0,,1335.0,,26362.0,,931.0,,38742.0,,1108.0,,23682.0,,735.0,,34347.0,,842.0,,39409.0,,794.0,,28334.0,,768.0,,16488.0,,678.0,,13461.0,,617.0,,924858.0,,857.0,,48216.0,,346.0,,49735.0,,1173.0,,52415.0,,1070.0,,31604.0,,401.0,,21573.0,,418.0,,12830.0,,830.0,,11802.0,,779.0,,32971.0,,1049.0,,54446.0,,415.0,,51994.0,,406.0,,53372.0,,1316.0,,57009.0,,1259.0,,58670.0,,311.0,,63121.0,,335.0,,67839.0,,1331.0,,27711.0,,981.0,,40552.0,,1181.0,,25817.0,,890.0,,35548.0,,995.0,,43909.0,,988.0,,33205.0,,863.0,,23833.0,,879.0,,26686.0,,978.0,,99291.0,102100.0,107044.0,64938.0,45395.0,25526.0,25106.0,67570.0,110888.0,105360.0,108210.0,114552.0,117794.0,124958.0,132236.0,54073.0,79294.0,49499.0,69895.0,83318.0,61539.0,40321.0,40147.0,373373.0,191403.0,181970.0,274082.0,140328.0,133754.0,201391.0,103440.0,97951.0,171982.0,87963.0,84019.0,379845.0,194229.0,185616.0,340556.0,171505.0,169051.0,390561.0,191338.0,199223.0,344719.0,155721.0,188998.0
53,Washington,7294336.0,,-555555555.0,*****,3645665.0,,768.0,,232133.0,,441.0,,236092.0,,2189.0,,228937.0,,2088.0,,138580.0,,388.0,,89674.0,,458.0,,50995.0,,1628.0,,49221.0,,1656.0,,153213.0,,1957.0,,285382.0,,430.0,,273997.0,,432.0,,253272.0,53,,2747.0,,231804.0,,2741.0,,236156.0,,399.0,,237502.0,,354.0,,240142.0,,2239.0,,91135.0,,1621.0,,128404.0,,1897.0,,79013.0,,1659.0,,101916.0,,1778.0,,129502.0,,1766.0,,79848.0,,1189.0,,52733.0,,1333.0,,46014.0,,1109.0,,3648671.0,,768.0,,220875.0,,405.0,,226486.0,,2460.0,,218358.0,,2439.0,,131414.0,,351.0,,84684.0,,565.0,,45955.0,,1668.0,,45545.0,,1741.0,,140231.0,,1805.0,,265299.0,,398.0,,261517.0,,380.0,,246460.0,,2543.0,,224820.0,,2519.0,,231612.0,,450.0,,238984.0,,392.0,,247031.0,,2297.0,,97320.0,,2004.0,,137607.0,,1993.0,,82458.0,,1390.0,,114092.0,,1907.0,,143506.0,,1954.0,,95236.0,,1496.0,,66736.0,,1436.0,,82445.0,,1723.0,,453008.0,462578.0,447295.0,269994.0,174358.0,96950.0,94766.0,293444.0,550681.0,535514.0,499732.0,456624.0,467768.0,476486.0,487173.0,188455.0,266011.0,161471.0,216008.0,273008.0,175084.0,119469.0,128459.0,1632875.0,835742.0,797133.0,1179867.0,603609.0,576258.0,915586.0,468225.0,447361.0,717289.0,367517.0,349772.0,1745713.0,902482.0,843231.0,1424124.0,721232.0,702892.0,1418125.0,697183.0,720942.0,1073499.0,489026.0,584473.0
55,Wisconsin,5778394.0,,-555555555.0,*****,2872376.0,,786.0,,172146.0,,362.0,,182519.0,,1893.0,,190095.0,,1903.0,,114824.0,,429.0,,79564.0,,449.0,,41934.0,,1434.0,,42312.0,,1536.0,,120433.0,,1857.0,,185965.0,,429.0,,186545.0,,479.0,,182487.0,55,,2025.0,,168620.0,,1913.0,,183678.0,,398.0,,204999.0,,377.0,,210262.0,,1737.0,,79682.0,,1089.0,,108551.0,,1690.0,,67157.0,,860.0,,85515.0,,1293.0,,102331.0,,1294.0,,71432.0,,1076.0,,48926.0,,1087.0,,42399.0,,1080.0,,2906018.0,,786.0,,163774.0,,416.0,,175234.0,,1732.0,,180396.0,,1818.0,,109955.0,,363.0,,76762.0,,429.0,,40119.0,,1457.0,,40702.0,,1427.0,,116736.0,,1755.0,,175496.0,,439.0,,181898.0,,394.0,,175676.0,,1663.0,,167561.0,,1593.0,,182165.0,,367.0,,206834.0,,334.0,,214517.0,,1542.0,,79666.0,,1437.0,,111592.0,,1318.0,,67740.0,,1122.0,,88529.0,,1468.0,,116096.0,,1391.0,,85194.0,,1366.0,,65760.0,,962.0,,83616.0,,1253.0,,335920.0,357753.0,370491.0,224779.0,156326.0,82053.0,83014.0,237169.0,361461.0,368443.0,358163.0,336181.0,365843.0,411833.0,424779.0,159348.0,220143.0,134897.0,174044.0,218427.0,156626.0,114686.0,126015.0,1288943.0,659584.0,629359.0,953023.0,487438.0,465585.0,693673.0,354665.0,339008.0,595270.0,304919.0,290351.0,1288466.0,656753.0,631713.0,1060187.0,534785.0,525402.0,1216103.0,603494.0,612609.0,924695.0,417760.0,506935.0
56,Wyoming,581836.0,,-555555555.0,*****,296979.0,,811.0,,19089.0,,356.0,,19686.0,,775.0,,20678.0,,792.0,,11611.0,,324.0,,7800.0,,348.0,,4670.0,,500.0,,4556.0,,573.0,,12232.0,,648.0,,20758.0,,448.0,,21153.0,,407.0,,19808.0,56,,857.0,,17379.0,,787.0,,17028.0,,393.0,,18198.0,,324.0,,19988.0,,578.0,,8934.0,,510.0,,11691.0,,625.0,,6608.0,,478.0,,9438.0,,530.0,,10491.0,,553.0,,6789.0,,387.0,,4762.0,,402.0,,3632.0,,356.0,,284857.0,,811.0,,18181.0,,402.0,,19994.0,,797.0,,18262.0,,888.0,,10218.0,,271.0,,7105.0,,336.0,,4445.0,,465.0,,3244.0,,440.0,,10774.0,,555.0,,19145.0,,251.0,,19333.0,,363.0,,18164.0,,728.0,,16180.0,,674.0,,15764.0,,313.0,,17967.0,,326.0,,20535.0,,651.0,,8138.0,,505.0,,11351.0,,645.0,,6458.0,,464.0,,8705.0,,486.0,,11176.0,,526.0,,8106.0,,427.0,,5630.0,,381.0,,5982.0,,424.0,,37270.0,39680.0,38940.0,21829.0,14905.0,9115.0,7800.0,23006.0,39903.0,40486.0,37972.0,33559.0,32792.0,36165.0,40523.0,17072.0,23042.0,13066.0,18143.0,21667.0,14895.0,10392.0,9614.0,137719.0,71064.0,66655.0,100449.0,51975.0,48474.0,76950.0,38775.0,38175.0,60769.0,32289.0,28480.0,135215.0,71169.0,64046.0,104323.0,54215.0,50108.0,116802.0,58811.0,57991.0,87777.0,41720.0,46057.0
72,Puerto Rico,3386941.0,,-555555555.0,*****,1612865.0,,369.0,,80711.0,,288.0,,94778.0,,1608.0,,106025.0,,1609.0,,69871.0,,219.0,,47774.0,,308.0,,26341.0,,1192.0,,26038.0,,1083.0,,69305.0,,1336.0,,110292.0,,-555555555.0,*****,95444.0,,298.0,,98687.0,72,,1782.0,,102939.0,,1821.0,,103233.0,,212.0,,105233.0,,-555555555.0,*****,101240.0,,1520.0,,41237.0,,1240.0,,54988.0,,1487.0,,35622.0,,1125.0,,53901.0,,1404.0,,72699.0,,1488.0,,53446.0,,1226.0,,35262.0,,1058.0,,27799.0,,1142.0,,1774076.0,,369.0,,76927.0,,289.0,,91178.0,,1883.0,,101679.0,,1898.0,,66776.0,,250.0,,45986.0,,388.0,,26232.0,,1095.0,,25043.0,,1176.0,,67879.0,,1417.0,,112589.0,,-555555555.0,*****,103727.0,,161.0,,110871.0,,1850.0,,112160.0,,1866.0,,114923.0,,-555555555.0,*****,122305.0,,-555555555.0,*****,116448.0,,1815.0,,46793.0,,1266.0,,70666.0,,1742.0,,41697.0,,1261.0,,64608.0,,1377.0,,91073.0,,1493.0,,68708.0,,1399.0,,48052.0,,1692.0,,47756.0,,1279.0,,157638.0,185956.0,207704.0,136647.0,93760.0,52573.0,51081.0,137184.0,222881.0,199171.0,209558.0,215099.0,218156.0,227538.0,217688.0,88030.0,125654.0,77319.0,118509.0,163772.0,122154.0,83314.0,75555.0,687945.0,351385.0,336560.0,530307.0,270674.0,259633.0,343594.0,175489.0,168105.0,344351.0,175896.0,168455.0,756650.0,375194.0,381456.0,642813.0,304859.0,337954.0,658910.0,302698.0,356212.0,640623.0,278729.0,361894.0
01,Alabama,4864680.0,,-555555555.0,*****,2355799.0,,1011.0,,149151.0,,618.0,,154426.0,,1885.0,,158729.0,,2021.0,,98202.0,,499.0,,65598.0,,864.0,,36376.0,,1577.0,,35261.0,,1416.0,,97598.0,,1687.0,,162663.0,,627.0,,148737.0,,762.0,,144144.0,01,,2225.0,,147214.0,,2323.0,,150559.0,,663.0,,160452.0,,615.0,,160682.0,,1790.0,,60037.0,,1609.0,,85569.0,,1787.0,,51870.0,,1347.0,,70217.0,,1380.0,,91817.0,,1580.0,,61026.0,,1209.0,,38279.0,,978.0,,27192.0,,908.0,,2508881.0,,1011.0,,142974.0,,606.0,,147748.0,,2083.0,,153364.0,,2120.0,,94199.0,,540.0,,65915.0,,942.0,,35484.0,,1227.0,,34087.0,,1405.0,,95610.0,,1614.0,,165559.0,,651.0,,155701.0,,626.0,,153698.0,,2241.0,,154326.0,,2209.0,,159748.0,,547.0,,170310.0,,539.0,,173329.0,,1817.0,,68825.0,,1740.0,,94573.0,,1554.0,,60161.0,,1386.0,,80851.0,,1466.0,,108141.0,,1485.0,,80154.0,,1363.0,,57880.0,,1500.0,,56244.0,,1340.0,,292125.0,302174.0,312093.0,192401.0,131513.0,71860.0,69348.0,193208.0,328222.0,304438.0,297842.0,301540.0,310307.0,330762.0,334011.0,128862.0,180142.0,112031.0,151068.0,199958.0,141180.0,96159.0,83436.0,1098793.0,560508.0,538285.0,806668.0,411357.0,395311.0,594299.0,303577.0,290722.0,504494.0,256931.0,247563.0,1098589.0,546233.0,552356.0,909689.0,441917.0,467772.0,973777.0,466740.0,507037.0,783832.0,340401.0,443431.0
02,Alaska,738516.0,,-555555555.0,*****,385579.0,,465.0,,27605.0,,143.0,,26511.0,,750.0,,26200.0,,729.0,,15376.0,,233.0,,9785.0,,220.0,,6014.0,,625.0,,6587.0,,654.0,,20020.0,,640.0,,32871.0,,243.0,,29750.0,,278.0,,26104.0,02,,684.0,,22094.0,,689.0,,23403.0,,347.0,,25326.0,,335.0,,25948.0,,762.0,,9884.0,,585.0,,13164.0,,651.0,,7903.0,,423.0,,9285.0,,409.0,,10386.0,,457.0,,5747.0,,328.0,,3282.0,,273.0,,2334.0,,268.0,,352937.0,,465.0,,26635.0,,140.0,,26117.0,,644.0,,23521.0,,609.0,,14173.0,,215.0,,8117.0,,232.0,,4456.0,,424.0,,4790.0,,370.0,,14882.0,,589.0,,28979.0,,228.0,,26919.0,,217.0,,23444.0,,627.0,,21037.0,,600.0,,21471.0,,251.0,,23144.0,,155.0,,24956.0,,616.0,,9574.0,,475.0,,11231.0,,449.0,,6552.0,,473.0,,9155.0,,492.0,,10085.0,,442.0,,5694.0,,329.0,,4092.0,,273.0,,3913.0,,305.0,,54240.0,52628.0,49721.0,29549.0,17902.0,10470.0,11377.0,34902.0,61850.0,56669.0,49548.0,43131.0,44874.0,48470.0,50904.0,19458.0,24395.0,14455.0,18440.0,20471.0,11441.0,7374.0,6247.0,186138.0,95692.0,90446.0,131898.0,68087.0,63811.0,106868.0,54116.0,52752.0,79270.0,41576.0,37694.0,193170.0,105027.0,88143.0,137553.0,71601.0,65952.0,143227.0,74322.0,68905.0,78428.0,38937.0,39491.0
04,Arizona,6946685.0,,-555555555.0,*****,3453439.0,,497.0,,222981.0,,214.0,,230966.0,,2982.0,,237590.0,,3007.0,,141556.0,,267.0,,97291.0,,368.0,,53619.0,,1550.0,,52584.0,,1460.0,,148625.0,,2037.0,,253812.0,,441.0,,235745.0,,283.0,,218187.0,04,,2490.0,,213557.0,,2452.0,,209738.0,,222.0,,209304.0,,281.0,,202117.0,,1920.0,,78444.0,,1683.0,,113409.0,,1934.0,,73286.0,,1659.0,,102747.0,,1482.0,,140586.0,,1759.0,,102589.0,,1390.0,,64662.0,,1278.0,,50044.0,,1194.0,,3493246.0,,497.0,,213121.0,,277.0,,221866.0,,2486.0,,229677.0,,2501.0,,136026.0,,248.0,,93324.0,,710.0,,49596.0,,1630.0,,48052.0,,1532.0,,135879.0,,1804.0,,234547.0,,237.0,,221707.0,,251.0,,215619.0,,2594.0,,207857.0,,2573.0,,210350.0,,180.0,,215871.0,,229.0,,218373.0,,1876.0,,87314.0,,1806.0,,129661.0,,2077.0,,83283.0,,1779.0,,116285.0,,1870.0,,158048.0,,1883.0,,114385.0,,1927.0,,73900.0,,1666.0,,78505.0,,1736.0,,436102.0,452832.0,467267.0,277582.0,190615.0,103215.0,100636.0,284504.0,488359.0,457452.0,433806.0,421414.0,420088.0,425175.0,420490.0,165758.0,243070.0,156569.0,219032.0,298634.0,216974.0,138562.0,128549.0,1633783.0,833093.0,800690.0,1197681.0,610112.0,587569.0,888934.0,453947.0,434987.0,744849.0,379146.0,365703.0,1624781.0,841676.0,783105.0,1275308.0,641482.0,633826.0,1254493.0,603274.0,651219.0,1158320.0,533914.0,624406.0
05,Arkansas,2990671.0,,-555555555.0,*****,1468412.0,,966.0,,97632.0,,421.0,,100727.0,,1839.0,,101296.0,,1863.0,,61628.0,,562.0,,41456.0,,693.0,,23681.0,,1155.0,,21953.0,,1137.0,,59003.0,,1390.0,,99732.0,,538.0,,94689.0,,517.0,,92867.0,05,,1610.0,,90446.0,,1587.0,,89915.0,,528.0,,95671.0,,531.0,,94127.0,,1418.0,,35723.0,,1019.0,,51462.0,,1204.0,,31690.0,,1170.0,,44633.0,,1263.0,,56516.0,,1325.0,,39873.0,,870.0,,24481.0,,861.0,,19211.0,,668.0,,1522259.0,,966.0,,92679.0,,487.0,,97057.0,,1832.0,,96499.0,,1849.0,,58425.0,,499.0,,39559.0,,711.0,,21003.0,,1116.0,,20268.0,,1105.0,,58498.0,,1298.0,,100506.0,,677.0,,94492.0,,598.0,,95262.0,,1871.0,,90009.0,,1736.0,,92179.0,,580.0,,98715.0,,467.0,,101233.0,,1308.0,,39087.0,,1380.0,,55656.0,,1356.0,,34795.0,,1001.0,,49787.0,,1198.0,,66603.0,,1241.0,,48538.0,,1043.0,,34362.0,,873.0,,37047.0,,1047.0,,190311.0,197784.0,197795.0,120053.0,81015.0,44684.0,42221.0,117501.0,200238.0,189181.0,188129.0,180455.0,182094.0,194386.0,195360.0,74810.0,107118.0,66485.0,94420.0,123119.0,88411.0,58843.0,56258.0,705943.0,361283.0,344660.0,515632.0,263651.0,251981.0,388095.0,198359.0,189736.0,317848.0,162924.0,154924.0,674840.0,340514.0,334326.0,550678.0,273228.0,277450.0,571674.0,276983.0,294691.0,487536.0,216404.0,271132.0
06,California,39148760.0,,-555555555.0,*****,19453769.0,,1122.0,,1268862.0,,527.0,,1274390.0,,5699.0,,1307143.0,,5634.0,,785629.0,,488.0,,534964.0,,767.0,,300238.0,,4346.0,,291051.0,,3575.0,,861027.0,,4976.0,,1571925.0,,748.0,,1467111.0,,690.0,,1335677.0,06,,6262.0,,1271347.0,,6192.0,,1287549.0,,549.0,,1280116.0,,557.0,,1203213.0,,5119.0,,452961.0,,4101.0,,602955.0,,4738.0,,362895.0,,3200.0,,472769.0,,3316.0,,589271.0,,3795.0,,405391.0,,2758.0,,273776.0,,2716.0,,253509.0,,2578.0,,19694991.0,,1122.0,,1211817.0,,577.0,,1224929.0,,5120.0,,1249526.0,,5157.0,,751359.0,,429.0,,511626.0,,900.0,,272441.0,,3926.0,,270702.0,,3677.0,,814171.0,,4496.0,,1470739.0,,657.0,,1394237.0,,642.0,,1309353.0,,4875.0,,1268788.0,,4875.0,,1290222.0,,640.0,,1297966.0,,524.0,,1262708.0,,4910.0,,483344.0,,4066.0,,653217.0,,4358.0,,402402.0,,3323.0,,540203.0,,3599.0,,693891.0,,4089.0,,499498.0,,3544.0,,373791.0,,3069.0,,448061.0,,3363.0,,2480679.0,2499319.0,2556669.0,1536988.0,1046590.0,572679.0,561753.0,1675198.0,3042664.0,2861348.0,2645030.0,2540135.0,2577771.0,2578082.0,2465921.0,936305.0,1256172.0,765297.0,1012972.0,1283162.0,904889.0,647567.0,701570.0,9073655.0,4636024.0,4437631.0,6592976.0,3367162.0,3225814.0,4979998.0,2543252.0,2436746.0,4093657.0,2092772.0,2000885.0,9760232.0,5026316.0,4733916.0,7762936.0,3894573.0,3868363.0,7236480.0,3539245.0,3697235.0,5315457.0,2357611.0,2957846.0
08,Colorado,5531141.0,,-555555555.0,*****,2780831.0,,795.0,,171155.0,,446.0,,182468.0,,2060.0,,183742.0,,1980.0,,107404.0,,457.0,,75396.0,,652.0,,38768.0,,1434.0,,39582.0,,1501.0,,119777.0,,1842.0,,221913.0,,676.0,,219400.0,,641.0,,199031.0,08,,2247.0,,185937.0,,2248.0,,181419.0,,517.0,,178165.0,,594.0,,178485.0,,1630.0,,67167.0,,1675.0,,93106.0,,1607.0,,56955.0,,1450.0,,73215.0,,1445.0,,87863.0,,1801.0,,56335.0,,1044.0,,33978.0,,908.0,,29570.0,,954.0,,2750310.0,,795.0,,164044.0,,440.0,,172931.0,,2186.0,,175592.0,,2175.0,,102483.0,,384.0,,69347.0,,555.0,,34859.0,,1411.0,,35734.0,,1165.0,,109267.0,,1681.0,,204719.0,,460.0,,203125.0,,434.0,,191163.0,,2104.0,,173146.0,,2065.0,,175971.0,,406.0,,179799.0,,336.0,,184516.0,,1978.0,,72993.0,,1470.0,,97899.0,,1765.0,,60055.0,,1392.0,,78215.0,,1479.0,,99528.0,,1597.0,,65456.0,,1135.0,,45975.0,,1161.0,,53493.0,,1170.0,,335199.0,355399.0,359334.0,209887.0,144743.0,73627.0,75316.0,229044.0,426632.0,422525.0,390194.0,359083.0,357390.0,357964.0,363001.0,140160.0,191005.0,117010.0,151430.0,187391.0,121791.0,79953.0,83063.0,1259819.0,644769.0,615050.0,924620.0,473614.0,451006.0,690598.0,353623.0,336975.0,569221.0,291146.0,278075.0,1371887.0,714836.0,657051.0,1106667.0,566387.0,540280.0,1052130.0,516923.0,535207.0,740638.0,337916.0,402722.0
09,Connecticut,3581504.0,,-555555555.0,*****,1747131.0,,418.0,,94768.0,,294.0,,101921.0,,1783.0,,115164.0,,1745.0,,73109.0,,214.0,,53233.0,,332.0,,25649.0,,1143.0,,25684.0,,1134.0,,75761.0,,1307.0,,113032.0,,226.0,,109545.0,,191.0,,103316.0,09,,1684.0,,105773.0,,1696.0,,120774.0,,245.0,,132434.0,,233.0,,129374.0,,1677.0,,48708.0,,1429.0,,64859.0,,1426.0,,37397.0,,911.0,,50620.0,,1008.0,,64036.0,,1051.0,,43544.0,,926.0,,28605.0,,889.0,,29825.0,,895.0,,1834373.0,,418.0,,90215.0,,151.0,,99085.0,,1677.0,,108971.0,,1717.0,,69392.0,,185.0,,51448.0,,347.0,,25902.0,,1231.0,,24184.0,,1205.0,,68310.0,,1563.0,,106947.0,,253.0,,110324.0,,263.0,,107236.0,,1595.0,,110698.0,,1593.0,,128414.0,,190.0,,140516.0,,168.0,,136796.0,,1583.0,,52427.0,,1280.0,,69955.0,,1387.0,,41013.0,,1117.0,,57061.0,,1433.0,,77287.0,,1329.0,,55333.0,,1029.0,,43497.0,,1202.0,,59362.0,,1014.0,,184983.0,201006.0,224135.0,142501.0,104681.0,51551.0,49868.0,144071.0,219979.0,219869.0,210552.0,216471.0,249188.0,272950.0,266170.0,101135.0,134814.0,78410.0,107681.0,141323.0,98877.0,72102.0,89187.0,752625.0,384962.0,367663.0,567642.0,290194.0,277448.0,385989.0,196689.0,189300.0,366636.0,188273.0,178363.0,790019.0,402904.0,387115.0,676211.0,329863.0,346348.0,775069.0,375375.0,399694.0,587580.0,254027.0,333553.0
10,Delaware,949495.0,,-555555555.0,*****,459570.0,,137.0,,27813.0,,124.0,,27532.0,,827.0,,30043.0,,854.0,,17767.0,,61.0,,12533.0,,87.0,,6729.0,,552.0,,6234.0,,693.0,,18042.0,,792.0,,33137.0,,132.0,,30102.0,,206.0,,27662.0,10,,873.0,,25972.0,,861.0,,28892.0,,68.0,,31832.0,,92.0,,31908.0,,840.0,,12523.0,,683.0,,16403.0,,712.0,,11587.0,,622.0,,14791.0,,651.0,,19562.0,,604.0,,13733.0,,536.0,,7817.0,,480.0,,6956.0,,465.0,,489925.0,,137.0,,27041.0,,95.0,,27634.0,,815.0,,28633.0,,817.0,,16963.0,,83.0,,12535.0,,112.0,,6891.0,,512.0,,6062.0,,542.0,,17064.0,,721.0,,32966.0,,120.0,,30153.0,,120.0,,28834.0,,796.0,,27770.0,,789.0,,31116.0,,60.0,,34613.0,,126.0,,36267.0,,773.0,,12946.0,,561.0,,19754.0,,686.0,,13216.0,,699.0,,17727.0,,684.0,,22783.0,,632.0,,16928.0,,715.0,,10547.0,,562.0,,11482.0,,601.0,,54854.0,55166.0,58676.0,34730.0,25068.0,13620.0,12296.0,35106.0,66103.0,60255.0,56496.0,53742.0,60008.0,66445.0,68175.0,25469.0,36157.0,24803.0,32518.0,42345.0,30661.0,18364.0,18438.0,203426.0,103155.0,100271.0,148572.0,75342.0,73230.0,110020.0,55345.0,54675.0,93406.0,47810.0,45596.0,212448.0,106777.0,105671.0,170246.0,82526.0,87720.0,196246.0,92666.0,103580.0,167129.0,74446.0,92683.0
11,District of Columbia,684498.0,,-555555555.0,*****,324881.0,,83.0,,22724.0,,45.0,,17266.0,,576.0,,13562.0,,572.0,,7924.0,,5.0,,9721.0,,267.0,,5493.0,,508.0,,5610.0,,615.0,,13801.0,,697.0,,37850.0,,64.0,,36999.0,,57.0,,28413.0,11,,794.0,,20714.0,,786.0,,19244.0,,26.0,,19208.0,,96.0,,17978.0,,597.0,,6526.0,,503.0,,8470.0,,524.0,,4706.0,,369.0,,6276.0,,463.0,,9434.0,,498.0,,5706.0,,370.0,,3549.0,,407.0,,3707.0,,293.0,,359617.0,,83.0,,21968.0,,35.0,,16462.0,,718.0,,14001.0,,719.0,,7830.0,,66.0,,11942.0,,211.0,,6127.0,,572.0,,5333.0,,483.0,,17753.0,,722.0,,44563.0,,93.0,,40304.0,,81.0,,29082.0,,814.0,,20967.0,,813.0,,19030.0,,24.0,,18978.0,,42.0,,18475.0,,717.0,,7425.0,,526.0,,11043.0,,525.0,,6290.0,,478.0,,8827.0,,471.0,,11387.0,,552.0,,8783.0,,507.0,,5798.0,,475.0,,7249.0,,548.0,,44692.0,33728.0,27563.0,15754.0,21663.0,11620.0,10943.0,31554.0,82413.0,77303.0,57495.0,41681.0,38274.0,38186.0,36453.0,13951.0,19513.0,10996.0,15103.0,20821.0,14489.0,9347.0,10956.0,121737.0,61476.0,60261.0,77045.0,38752.0,38293.0,78420.0,39990.0,38430.0,43317.0,21486.0,21831.0,235496.0,109474.0,126022.0,137450.0,68371.0,69079.0,108103.0,52182.0,55921.0,81712.0,33378.0,48334.0
12,Florida,20598139.0,,-555555555.0,*****,10071925.0,,1388.0,,570515.0,,798.0,,579011.0,,5087.0,,599823.0,,5213.0,,369269.0,,658.0,,248252.0,,1164.0,,139126.0,,3138.0,,132153.0,,3055.0,,385932.0,,3720.0,,699552.0,,1049.0,,650704.0,,892.0,,617492.0,12,,4943.0,,618774.0,,5029.0,,653838.0,,895.0,,695182.0,,966.0,,666945.0,,4451.0,,258102.0,,3442.0,,355805.0,,3746.0,,234111.0,,3140.0,,339287.0,,3354.0,,468884.0,,3352.0,,353420.0,,3359.0,,231596.0,,3213.0,,204152.0,,3268.0,,10526214.0,,1388.0,,546905.0,,823.0,,552728.0,,3893.0,,577156.0,,3942.0,,353145.0,,605.0,,230440.0,,947.0,,132337.0,,3516.0,,128463.0,,2611.0,,366157.0,,4045.0,,674394.0,,822.0,,641298.0,,749.0,,629548.0,,4557.0,,627945.0,,4570.0,,672627.0,,616.0,,727190.0,,740.0,,732485.0,,5068.0,,286049.0,,3817.0,,414421.0,,4379.0,,273603.0,,3520.0,,388966.0,,4124.0,,542743.0,,3816.0,,403820.0,,3825.0,,292005.0,,3549.0,,331789.0,,3957.0,,1117420.0,1131739.0,1176979.0,722414.0,478692.0,271463.0,260616.0,752089.0,1373946.0,1292002.0,1247040.0,1246719.0,1326465.0,1422372.0,1399430.0,544151.0,770226.0,507714.0,728253.0,1011627.0,757240.0,523601.0,535941.0,4148552.0,2118618.0,2029934.0,3031132.0,1548103.0,1483029.0,2249159.0,1149526.0,1099633.0,1899393.0,969092.0,930301.0,4428808.0,2255719.0,2173089.0,3820224.0,1890104.0,1930120.0,4136179.0,1976034.0,2160145.0,4064376.0,1831450.0,2232926.0
13,Georgia,10297484.0,,-555555555.0,*****,5012229.0,,1630.0,,335188.0,,1030.0,,357301.0,,3735.0,,363608.0,,3787.0,,218482.0,,898.0,,148729.0,,1302.0,,80033.0,,2393.0,,74218.0,,2024.0,,213036.0,,3353.0,,362366.0,,1147.0,,338616.0,,1183.0,,334236.0,13,,3528.0,,330002.0,,3358.0,,343056.0,,1006.0,,340861.0,,933.0,,314971.0,,2789.0,,118196.0,,2211.0,,152215.0,,2098.0,,92412.0,,2080.0,,129611.0,,2273.0,,159804.0,,2280.0,,101876.0,,1545.0,,59748.0,,1478.0,,43664.0,,1036.0,,5285255.0,,1630.0,,320622.0,,851.0,,339831.0,,4012.0,,354535.0,,3858.0,,211728.0,,851.0,,142267.0,,1216.0,,72963.0,,2138.0,,70935.0,,2008.0,,207461.0,,2932.0,,365322.0,,1073.0,,353480.0,,870.0,,356064.0,,3722.0,,352249.0,,3869.0,,361891.0,,918.0,,361447.0,,838.0,,341093.0,,3106.0,,129881.0,,2327.0,,178312.0,,2383.0,,108999.0,,1912.0,,150647.0,,2293.0,,193751.0,,2514.0,,132646.0,,1903.0,,89416.0,,1656.0,,89715.0,,1373.0,,655810.0,697132.0,718143.0,430210.0,290996.0,152996.0,145153.0,420497.0,727688.0,692096.0,690300.0,682251.0,704947.0,702308.0,656064.0,248077.0,330527.0,201411.0,280258.0,353555.0,234522.0,149164.0,133379.0,2501295.0,1274579.0,1226716.0,1845485.0,939391.0,906094.0,1352942.0,692489.0,660453.0,1148353.0,582090.0,566263.0,2429426.0,1216998.0,1212428.0,2077498.0,1007294.0,1070204.0,1936976.0,926243.0,1010733.0,1352289.0,587115.0,765174.0
16,Idaho,1687809.0,,-555555555.0,*****,845564.0,,804.0,,57945.0,,468.0,,63203.0,,1408.0,,64606.0,,1453.0,,38489.0,,488.0,,23499.0,,463.0,,12376.0,,826.0,,11366.0,,839.0,,35578.0,,1155.0,,56883.0,,451.0,,54666.0,,478.0,,55210.0,16,,1215.0,,50499.0,,1330.0,,49737.0,,470.0,,50218.0,,415.0,,50707.0,,1204.0,,21045.0,,1019.0,,29642.0,,1039.0,,18846.0,,756.0,,25230.0,,825.0,,30975.0,,953.0,,21128.0,,610.0,,13172.0,,616.0,,10544.0,,538.0,,842245.0,,804.0,,56219.0,,462.0,,60162.0,,1419.0,,62390.0,,1503.0,,36162.0,,399.0,,22483.0,,387.0,,11899.0,,940.0,,10927.0,,804.0,,31239.0,,1012.0,,54597.0,,422.0,,54060.0,,396.0,,53223.0,,1245.0,,50272.0,,1276.0,,48399.0,,388.0,,50705.0,,393.0,,54800.0,,1197.0,,20943.0,,884.0,,29859.0,,1016.0,,19562.0,,846.0,,25567.0,,941.0,,33420.0,,938.0,,22757.0,,757.0,,15359.0,,617.0,,17241.0,,713.0,,114164.0,123365.0,126996.0,74651.0,45982.0,24275.0,22293.0,66817.0,111480.0,108726.0,108433.0,100771.0,98136.0,100923.0,105507.0,41988.0,59501.0,38408.0,50797.0,64395.0,43885.0,28531.0,27785.0,439176.0,224243.0,214933.0,325012.0,166298.0,158714.0,237529.0,121148.0,116381.0,201647.0,103095.0,98552.0,379573.0,194368.0,185205.0,307340.0,155446.0,151894.0,307919.0,151612.0,156307.0,253801.0,119895.0,133906.0
15,Hawaii,1422029.0,,-555555555.0,*****,713772.0,,168.0,,46487.0,,96.0,,43770.0,,923.0,,42966.0,,933.0,,24119.0,,103.0,,15904.0,,84.0,,10783.0,,688.0,,10900.0,,708.0,,32176.0,,737.0,,55520.0,,150.0,,51456.0,,112.0,,45573.0,15,,941.0,,44904.0,,940.0,,43746.0,,118.0,,44538.0,,99.0,,45570.0,,1075.0,,18777.0,,672.0,,25405.0,,882.0,,17589.0,,771.0,,22865.0,,729.0,,26963.0,,768.0,,18110.0,,589.0,,12013.0,,536.0,,13638.0,,553.0,,708257.0,,168.0,,43901.0,,107.0,,41344.0,,892.0,,40701.0,,881.0,,23213.0,,110.0,,14438.0,,141.0,,7442.0,,536.0,,8410.0,,583.0,,27108.0,,700.0,,49267.0,,123.0,,48892.0,,148.0,,45560.0,,1080.0,,41907.0,,1084.0,,43226.0,,93.0,,45115.0,,106.0,,47219.0,,936.0,,18834.0,,794.0,,26903.0,,948.0,,18366.0,,662.0,,23878.0,,718.0,,29417.0,,776.0,,20523.0,,707.0,,17498.0,,677.0,,25095.0,,833.0,,90388.0,85114.0,83667.0,47332.0,30342.0,18225.0,19310.0,59284.0,104787.0,100348.0,91133.0,86811.0,86972.0,89653.0,92789.0,37611.0,52308.0,35955.0,46743.0,56380.0,38633.0,29511.0,38733.0,306501.0,157342.0,149159.0,216113.0,110855.0,105258.0,175502.0,90257.0,85245.0,130999.0,67085.0,63914.0,332296.0,176739.0,155557.0,264916.0,134223.0,130693.0,272361.0,134290.0,138071.0,245955.0,111178.0,134777.0
17,Illinois,12821497.0,,-555555555.0,*****,6295915.0,,984.0,,397436.0,,478.0,,408589.0,,3334.0,,427108.0,,3341.0,,260062.0,,358.0,,172162.0,,619.0,,88740.0,,1880.0,,90422.0,,1869.0,,266135.0,,2398.0,,454479.0,,667.0,,443198.0,,551.0,,420224.0,17,,2923.0,,404320.0,,3118.0,,413405.0,,596.0,,428672.0,,517.0,,423041.0,,3231.0,,161290.0,,2376.0,,214985.0,,2797.0,,126371.0,,1700.0,,164710.0,,2200.0,,210099.0,,2353.0,,141562.0,,1564.0,,95207.0,,1483.0,,83698.0,,1401.0,,6525582.0,,984.0,,379521.0,,429.0,,393757.0,,3214.0,,409848.0,,3159.0,,250240.0,,419.0,,165114.0,,799.0,,86413.0,,2570.0,,84799.0,,2321.0,,258808.0,,3270.0,,443317.0,,518.0,,438307.0,,480.0,,421333.0,,3093.0,,406176.0,,3019.0,,422013.0,,576.0,,442449.0,,509.0,,445723.0,,2880.0,,171572.0,,2026.0,,232936.0,,2461.0,,141820.0,,2093.0,,186378.0,,1877.0,,250247.0,,2101.0,,184258.0,,1886.0,,140699.0,,1884.0,,169854.0,,1999.0,,776957.0,802346.0,836956.0,510302.0,337276.0,175153.0,175221.0,524943.0,897796.0,881505.0,841557.0,810496.0,835418.0,871121.0,868764.0,332862.0,447921.0,268191.0,351088.0,460346.0,325820.0,235906.0,253552.0,2926561.0,1493195.0,1433366.0,2149604.0,1095759.0,1053845.0,1579303.0,806025.0,773278.0,1347258.0,687170.0,660088.0,2991894.0,1515136.0,1476758.0,2487471.0,1237949.0,1249522.0,2520668.0,1227988.0,1292680.0,1894903.0,821647.0,1073256.0
18,Indiana,6637426.0,,-555555555.0,*****,3271068.0,,1278.0,,214555.0,,619.0,,223689.0,,2275.0,,228198.0,,2270.0,,139211.0,,480.0,,95055.0,,628.0,,49742.0,,1495.0,,51584.0,,1792.0,,144082.0,,2120.0,,220237.0,,710.0,,209798.0,,666.0,,209675.0,18,,2425.0,,200135.0,,2433.0,,209750.0,,708.0,,219912.0,,549.0,,218036.0,,1671.0,,84381.0,,1724.0,,116561.0,,1920.0,,69721.0,,1336.0,,89334.0,,1199.0,,111555.0,,1391.0,,75560.0,,1186.0,,49330.0,,1195.0,,40967.0,,967.0,,3366358.0,,1278.0,,203744.0,,559.0,,213565.0,,1924.0,,217808.0,,1782.0,,133523.0,,553.0,,90559.0,,601.0,,51239.0,,1446.0,,48202.0,,1341.0,,132855.0,,1770.0,,217332.0,,652.0,,209565.0,,545.0,,209727.0,,2575.0,,202177.0,,2349.0,,209651.0,,664.0,,225242.0,,626.0,,230896.0,,2120.0,,87895.0,,1677.0,,122782.0,,1834.0,,75016.0,,1252.0,,102245.0,,1395.0,,129824.0,,1704.0,,97057.0,,1563.0,,70047.0,,1421.0,,85407.0,,1351.0,,418299.0,437254.0,446006.0,272734.0,185614.0,100981.0,99786.0,276937.0,437569.0,419363.0,419402.0,402312.0,419401.0,445154.0,448932.0,172276.0,239343.0,144737.0,191579.0,241379.0,172617.0,119377.0,126374.0,1574293.0,805653.0,768640.0,1155994.0,591098.0,564896.0,855553.0,438244.0,417309.0,718740.0,367409.0,351331.0,1520250.0,770498.0,749752.0,1241115.0,619560.0,621555.0,1305705.0,638890.0,666815.0,996063.0,436467.0,559596.0
19,Iowa,3132499.0,,-555555555.0,*****,1554481.0,,1025.0,,100506.0,,464.0,,104367.0,,1414.0,,105386.0,,1357.0,,62435.0,,427.0,,47632.0,,630.0,,24697.0,,1151.0,,23990.0,,1180.0,,68978.0,,1507.0,,99723.0,,559.0,,101108.0,,598.0,,99404.0,19,,1376.0,,88682.0,,1398.0,,93739.0,,398.0,,101437.0,,379.0,,104817.0,,1325.0,,42679.0,,969.0,,57561.0,,1158.0,,34355.0,,877.0,,44239.0,,997.0,,55674.0,,1069.0,,40005.0,,742.0,,27572.0,,765.0,,25495.0,,721.0,,1578018.0,,1025.0,,96924.0,,563.0,,99659.0,,1481.0,,100772.0,,1447.0,,59983.0,,343.0,,44690.0,,499.0,,23953.0,,1146.0,,22498.0,,1104.0,,64656.0,,1380.0,,96093.0,,551.0,,96609.0,,451.0,,95418.0,,1211.0,,87513.0,,1193.0,,92343.0,,462.0,,102069.0,,460.0,,108571.0,,1405.0,,41219.0,,1133.0,,59076.0,,1098.0,,35348.0,,1022.0,,48052.0,,1090.0,,62021.0,,1166.0,,49756.0,,992.0,,39373.0,,932.0,,51422.0,,976.0,,197430.0,204026.0,206158.0,122418.0,92322.0,48650.0,46488.0,133634.0,195816.0,197717.0,194822.0,176195.0,186082.0,203506.0,213388.0,83898.0,116637.0,69703.0,92291.0,117695.0,89761.0,66945.0,76917.0,730032.0,372694.0,357338.0,532602.0,272188.0,260414.0,401456.0,204873.0,196583.0,328576.0,167821.0,160755.0,714627.0,366128.0,348499.0,557099.0,281825.0,275274.0,617429.0,306494.0,310935.0,513312.0,227340.0,285972.0
20,Kansas,2908776.0,,-555555555.0,*****,1449413.0,,942.0,,99309.0,,424.0,,102996.0,,1533.0,,102582.0,,1577.0,,61169.0,,557.0,,42080.0,,597.0,,23953.0,,1198.0,,24550.0,,1204.0,,66267.0,,1379.0,,99768.0,,542.0,,96800.0,,525.0,,92248.0,20,,1449.0,,85304.0,,1429.0,,84853.0,,548.0,,91287.0,,438.0,,96152.0,,1255.0,,34742.0,,1071.0,,50326.0,,1050.0,,30458.0,,747.0,,39388.0,,930.0,,47475.0,,955.0,,33026.0,,863.0,,23116.0,,738.0,,21564.0,,737.0,,1459363.0,,943.0,,94893.0,,432.0,,98404.0,,1537.0,,98211.0,,1629.0,,57981.0,,458.0,,39314.0,,595.0,,21468.0,,1014.0,,20205.0,,1051.0,,60719.0,,1291.0,,92544.0,,578.0,,94108.0,,401.0,,88271.0,,1627.0,,84568.0,,1605.0,,84162.0,,440.0,,92935.0,,440.0,,96511.0,,1237.0,,38292.0,,974.0,,54027.0,,1069.0,,31794.0,,933.0,,41515.0,,916.0,,54390.0,,953.0,,41954.0,,895.0,,32691.0,,997.0,,40406.0,,740.0,,194202.0,201400.0,200793.0,119150.0,81394.0,45421.0,44755.0,126986.0,192312.0,190908.0,180519.0,169872.0,169015.0,184222.0,192663.0,73034.0,104353.0,62252.0,80903.0,101865.0,74980.0,55807.0,61970.0,715545.0,366056.0,349489.0,521343.0,266747.0,254596.0,395602.0,202305.0,193297.0,319943.0,163751.0,156192.0,681776.0,353418.0,328358.0,519406.0,262405.0,257001.0,554272.0,272507.0,281765.0,437777.0,195027.0,242750.0
21,Kentucky,4440204.0,,-555555555.0,*****,2186715.0,,1216.0,,141232.0,,567.0,,144262.0,,1882.0,,144977.0,,1912.0,,88746.0,,487.0,,59574.0,,768.0,,33654.0,,1284.0,,33280.0,,1171.0,,92523.0,,1708.0,,149271.0,,622.0,,140310.0,,718.0,,138038.0,21,,2124.0,,138912.0,,2132.0,,142750.0,,685.0,,150321.0,,641.0,,150850.0,,1861.0,,55450.0,,1491.0,,78084.0,,1578.0,,48132.0,,1078.0,,63752.0,,1210.0,,80795.0,,1315.0,,53660.0,,1056.0,,32428.0,,1022.0,,25714.0,,880.0,,2253489.0,,1216.0,,133208.0,,607.0,,135826.0,,1806.0,,139668.0,,1656.0,,84100.0,,516.0,,57976.0,,715.0,,32402.0,,1394.0,,30630.0,,1143.0,,84142.0,,1425.0,,146552.0,,709.0,,138502.0,,581.0,,139907.0,,1666.0,,137624.0,,1791.0,,144818.0,,581.0,,156215.0,,496.0,,159114.0,,1492.0,,61513.0,,1337.0,,84264.0,,1384.0,,52792.0,,1214.0,,72567.0,,1120.0,,93662.0,,1260.0,,67221.0,,1213.0,,49036.0,,880.0,,51750.0,,1240.0,,274440.0,280088.0,284645.0,172846.0,117550.0,66056.0,63910.0,176665.0,295823.0,278812.0,277945.0,276536.0,287568.0,306536.0,309964.0,116963.0,162348.0,100924.0,136319.0,174457.0,120881.0,81464.0,77464.0,1012019.0,519217.0,492802.0,737579.0,377985.0,359594.0,554528.0,285494.0,269034.0,457491.0,233723.0,223768.0,998816.0,508612.0,490204.0,842049.0,419700.0,422349.0,895811.0,434705.0,461106.0,691509.0,304481.0,387028.0
22,Louisiana,4663616.0,,-555555555.0,*****,2279968.0,,1060.0,,157355.0,,567.0,,155651.0,,2401.0,,158333.0,,2409.0,,93518.0,,497.0,,61646.0,,899.0,,35539.0,,1631.0,,35427.0,,1460.0,,95651.0,,1938.0,,171475.0,,761.0,,162487.0,,737.0,,151846.0,22,,2266.0,,133405.0,,2169.0,,137771.0,,682.0,,147343.0,,528.0,,149546.0,,2158.0,,58353.0,,1698.0,,78716.0,,1721.0,,47911.0,,1367.0,,63314.0,,1435.0,,75941.0,,1487.0,,51798.0,,1138.0,,31648.0,,1029.0,,25294.0,,856.0,,2383648.0,,1060.0,,151984.0,,604.0,,153443.0,,2445.0,,148083.0,,2556.0,,90107.0,,470.0,,56229.0,,628.0,,35057.0,,1364.0,,32991.0,,1229.0,,94661.0,,1521.0,,171621.0,,650.0,,164309.0,,536.0,,151197.0,,2276.0,,139749.0,,2169.0,,143848.0,,576.0,,157744.0,,478.0,,161386.0,,1947.0,,63050.0,,1370.0,,87388.0,,1771.0,,52318.0,,1281.0,,70920.0,,1577.0,,92211.0,,1628.0,,66799.0,,1310.0,,48288.0,,1252.0,,50265.0,,1398.0,,309339.0,309094.0,306416.0,183625.0,117875.0,70596.0,68418.0,190312.0,343096.0,326796.0,303043.0,273154.0,281619.0,305087.0,310932.0,121403.0,166104.0,100229.0,134234.0,168152.0,118597.0,79936.0,75559.0,1108474.0,564857.0,543617.0,799135.0,407502.0,391633.0,618433.0,313006.0,305427.0,490041.0,251851.0,238190.0,1117093.0,562225.0,554868.0,857816.0,423022.0,434794.0,903526.0,433958.0,469568.0,676707.0,295906.0,380801.0
23,Maine,1332813.0,,-555555555.0,*****,652299.0,,429.0,,33208.0,,259.0,,36685.0,,948.0,,36809.0,,979.0,,23992.0,,201.0,,16645.0,,210.0,,7905.0,,573.0,,7814.0,,680.0,,24183.0,,795.0,,39578.0,,322.0,,38216.0,,260.0,,36633.0,23,,950.0,,38475.0,,912.0,,43732.0,,219.0,,49817.0,,215.0,,52468.0,,1073.0,,20335.0,,799.0,,28353.0,,1000.0,,18783.0,,657.0,,24966.0,,804.0,,29707.0,,731.0,,19329.0,,653.0,,12801.0,,550.0,,11865.0,,566.0,,680514.0,,429.0,,31229.0,,289.0,,34016.0,,736.0,,35869.0,,701.0,,22853.0,,251.0,,16257.0,,255.0,,8151.0,,685.0,,8287.0,,592.0,,21013.0,,805.0,,39039.0,,271.0,,39013.0,,259.0,,37688.0,,895.0,,39921.0,,928.0,,45494.0,,256.0,,51691.0,,238.0,,55803.0,,906.0,,22106.0,,881.0,,30359.0,,919.0,,20023.0,,746.0,,25397.0,,705.0,,33552.0,,783.0,,23801.0,,783.0,,17484.0,,571.0,,21468.0,,816.0,,64437.0,70701.0,72678.0,46845.0,32902.0,16056.0,16101.0,45196.0,78617.0,77229.0,74321.0,78396.0,89226.0,101508.0,108271.0,42441.0,58712.0,38806.0,50363.0,63259.0,43130.0,30285.0,33333.0,254661.0,130694.0,123967.0,190224.0,97486.0,92738.0,135138.0,69893.0,65245.0,119523.0,60801.0,58722.0,266101.0,134341.0,131760.0,241943.0,118840.0,123103.0,310932.0,150973.0,159959.0,259176.0,117451.0,141725.0
24,Maryland,6003435.0,,-555555555.0,*****,2910323.0,,576.0,,186840.0,,344.0,,190426.0,,2103.0,,191702.0,,2086.0,,116895.0,,328.0,,79087.0,,457.0,,41166.0,,1319.0,,39688.0,,1291.0,,117449.0,,1541.0,,209055.0,,412.0,,201992.0,,420.0,,191659.0,24,,2044.0,,181182.0,,2114.0,,197922.0,,383.0,,211521.0,,343.0,,201096.0,,1906.0,,73391.0,,1624.0,,101386.0,,1535.0,,59610.0,,1243.0,,77909.0,,1203.0,,96912.0,,1237.0,,64474.0,,1033.0,,41872.0,,1002.0,,37089.0,,915.0,,3093112.0,,576.0,,179334.0,,296.0,,182217.0,,1998.0,,184210.0,,2020.0,,112553.0,,270.0,,75966.0,,450.0,,37006.0,,1377.0,,37144.0,,1313.0,,116894.0,,1860.0,,207708.0,,426.0,,209316.0,,343.0,,201341.0,,2426.0,,192099.0,,2437.0,,213331.0,,300.0,,229151.0,,209.0,,220599.0,,2002.0,,81418.0,,1530.0,,115354.0,,1769.0,,69024.0,,1375.0,,91215.0,,1487.0,,118940.0,,1628.0,,86661.0,,1585.0,,60222.0,,1312.0,,71409.0,,1452.0,,366174.0,372643.0,375912.0,229448.0,155053.0,78172.0,76832.0,234343.0,416763.0,411308.0,393000.0,373281.0,411253.0,440672.0,421695.0,154809.0,216740.0,128634.0,169124.0,215852.0,151135.0,102094.0,108498.0,1344177.0,685863.0,658314.0,978003.0,499023.0,478980.0,738817.0,377266.0,361551.0,605360.0,308597.0,296763.0,1372471.0,688437.0,684034.0,1177534.0,570763.0,606771.0,1233916.0,587394.0,646522.0,875337.0,377866.0,497471.0
25,Massachusetts,6830193.0,,-555555555.0,*****,3313979.0,,523.0,,185470.0,,222.0,,186240.0,,2313.0,,204948.0,,2282.0,,128230.0,,343.0,,103219.0,,451.0,,50860.0,,1465.0,,51145.0,,1467.0,,144653.0,,2020.0,,249841.0,,347.0,,231315.0,,328.0,,203435.0,25,,2246.0,,205395.0,,2175.0,,223410.0,,369.0,,241487.0,,283.0,,233331.0,,1806.0,,87325.0,,1594.0,,119080.0,,1768.0,,70133.0,,1623.0,,92677.0,,1551.0,,120067.0,,1390.0,,76277.0,,1286.0,,54287.0,,1284.0,,51154.0,,1141.0,,3516214.0,,523.0,,177211.0,,211.0,,183150.0,,2270.0,,192509.0,,2283.0,,122139.0,,272.0,,105793.0,,355.0,,51509.0,,1506.0,,51423.0,,1516.0,,142899.0,,1603.0,,248151.0,,330.0,,234335.0,,289.0,,211385.0,,2757.0,,214491.0,,2734.0,,236974.0,,276.0,,254905.0,,240.0,,248449.0,,2190.0,,95002.0,,1878.0,,132260.0,,1867.0,,80096.0,,1485.0,,106104.0,,1806.0,,142678.0,,1957.0,,101225.0,,1653.0,,79591.0,,1463.0,,103935.0,,1655.0,,362681.0,369390.0,397457.0,250369.0,209012.0,102369.0,102568.0,287552.0,497992.0,465650.0,414820.0,419886.0,460384.0,496392.0,481780.0,182327.0,251340.0,150229.0,198781.0,262745.0,177502.0,133878.0,155089.0,1379897.0,704888.0,675009.0,1017216.0,519418.0,497798.0,732071.0,371710.0,360361.0,647826.0,333178.0,314648.0,1665143.0,831033.0,834110.0,1295090.0,632240.0,662850.0,1411839.0,681223.0,730616.0,1078224.0,464595.0,613629.0
26,Michigan,9957488.0,,-555555555.0,*****,4899118.0,,757.0,,293111.0,,448.0,,305110.0,,2548.0,,322016.0,,2608.0,,203374.0,,343.0,,138903.0,,541.0,,76663.0,,1947.0,,74862.0,,2075.0,,214985.0,,2546.0,,331851.0,,560.0,,297916.0,,481.0,,291756.0,26,,2283.0,,289022.0,,2237.0,,320074.0,,417.0,,344126.0,,415.0,,350830.0,,1879.0,,137589.0,,1884.0,,186436.0,,1841.0,,113006.0,,1785.0,,146845.0,,1623.0,,185639.0,,1677.0,,124857.0,,1366.0,,79592.0,,1370.0,,70555.0,,1310.0,,5058370.0,,757.0,,279263.0,,403.0,,291484.0,,2312.0,,308026.0,,2252.0,,193714.0,,368.0,,133123.0,,458.0,,72166.0,,1594.0,,73251.0,,1643.0,,205222.0,,2144.0,,319172.0,,428.0,,296910.0,,489.0,,294852.0,,2681.0,,294670.0,,2694.0,,326234.0,,376.0,,354837.0,,449.0,,371246.0,,2296.0,,143774.0,,1988.0,,199976.0,,2102.0,,122719.0,,1520.0,,161277.0,,1703.0,,213767.0,,1924.0,,152714.0,,1870.0,,114420.0,,1996.0,,135553.0,,1993.0,,572374.0,596594.0,630042.0,397088.0,272026.0,148829.0,148113.0,420207.0,651023.0,594826.0,586608.0,583692.0,646308.0,698963.0,722076.0,281363.0,386412.0,235725.0,308122.0,399406.0,277571.0,194012.0,206108.0,2196098.0,1123611.0,1072487.0,1623724.0,830500.0,793224.0,1168968.0,598221.0,570747.0,1027130.0,525390.0,501740.0,2235024.0,1135180.0,1099844.0,1816608.0,900852.0,915756.0,2088814.0,1018981.0,1069833.0,1620944.0,720494.0,900450.0
