{"45055": "Alwal", "22095": "Amberpet", "37191": "Begumpet", "53073": "Chandanagar", "21117": "Chandrayangutta", "33003": "Charminar", "48339": "Falakunuma", "19005": "Gajula Ramaram", "9001": "Goshamahal", "35049": "Hayathnagar", "8037": "Jubilee Hills", "38015": "Kapra", "1125": "Karwan", "8069": "Khairatabad", "16065": "Kukatpally", "41003": "LB Nagar", "6037": "Malakpet", "2020": "Malkajgiri", "37195": "Mehdipatnam", "12113": "Moosapet", "48209": "Musheerabad", "26075": "Quthbullapur", "51087": "Rajendra Nagar", "53027": "Ramachandra Puram / Patancheru", "12097": "Santhoshnagar", "17099": "Saroornagar", "32003": "Secunderabad Division", "13135": "Serilingampally", "6077": "Uppal", "6113": "Yousufguda"}