{"Alwal": 45055, "Amberpet": 22095, "Begumpet": 37191, "Chandanagar": 53073, "Chandrayangutta": 21117, "Charminar": 33003, "Falakunuma": 48339, "Gajula Ramaram": 19005, "Goshamahal": 9001, "Hayathnagar": 35049, "Jubilee Hills": 8037, "Kapra": 38015, "Karwan": 1125, "Khairatabad": 8069, "Kukatpally": 16065, "LB Nagar": 41003, "Malakpet": 6037, "Malkajgiri": 2020, "Mehdipatnam": 37195, "Moosapet": 12113, "Musheerabad": 48209, "Quthbullapur": 26075, "Rajendra Nagar": 51087, "Ramachandra Puram / Patancheru": 53027, "Santhoshnagar": 12097, "Saroornagar": 17099, "Secunderabad Division": 32003, "Serilingampally": 13135, "Uppal": 6077, "Yousufguda": 6113}