geoid,name,universe,universe_annotation,universe_moe,universe_moe_annotation,white_alone,white_alone_annotation,white_alone_moe,white_alone_moe_annotation,black_alone,black_alone_annotation,black_alone_moe,black_alone_moe_annotation,american_indian_and_alaska_native,american_indian_and_alaska_native_annotation,american_indian_and_alaska_native_moe,american_indian_and_alaska_native_moe_annotation,asian_alone,asian_alone_annotation,asian_alone_moe,asian_alone_moe_annotation,native_hawaiian_and_pacific_islander,native_hawaiian_and_pacific_islander_annotation,native_hawaiian_and_pacific_islander_moe,native_hawaiian_and_pacific_islander_moe_annotation,other_alone,other_alone_annotation,other_alone_moe,other_alone_moe_annotation,two_or_more_races,two_or_more_races_annotation,two_or_more_races_moe,two_or_more_races_moe_annotation,latino_alone,latino_alone_annotation,latino_alone_moe,latino_alone_moe_annotation,combined statistical area,asians_all,asians_all_moe,other_all,other_all_moe
273,"Greenville-Spartanburg-Anderson, SC CSA",1442020.0,,-555555555.0,*****,1035227.0,,324.0,,259694.0,,1459.0,,2273.0,,335.0,,24327.0,,545.0,,581.0,,125.0,,1750.0,,431.0,,27344.0,,1532.0,,90824.0,,-555555555.0,*****,273,24908.0,559.1511423577707,31367.0,1626.348671103463
274,"Greenville-Washington, NC CSA",224615.0,,-555555555.0,*****,128093.0,,535.0,,73061.0,,638.0,,570.0,,130.0,,3092.0,,309.0,,45.0,,39.0,,761.0,,529.0,,4481.0,,725.0,,14512.0,,-555555555.0,*****,274,3137.0,311.4514408378937,5812.0,906.843977760232
276,"Harrisburg-York-Lebanon, PA CSA",1252583.0,,-555555555.0,*****,1017707.0,,305.0,,85898.0,,1260.0,,1201.0,,265.0,,30799.0,,718.0,,207.0,,102.0,,1519.0,,366.0,,24125.0,,1435.0,,91127.0,,-555555555.0,*****,276,31006.0,725.2089354110303,26845.0,1504.4620300958081
277,"Harrisonburg-Staunton-Waynesboro, VA CSA",253914.0,,-555555555.0,*****,210902.0,,118.0,,13874.0,,622.0,,530.0,,174.0,,3662.0,,346.0,,117.0,,89.0,,419.0,,204.0,,4330.0,,642.0,,20080.0,,-555555555.0,*****,277,3779.0,357.26320829326943,5279.0,695.7413312431568
278,"Hartford-West Hartford, CT CSA",1478248.0,,-555555555.0,*****,1023909.0,,489.0,,141133.0,,1166.0,,2869.0,,438.0,,69268.0,,896.0,,250.0,,149.0,,3491.0,,600.0,,33860.0,,1566.0,,203468.0,,-555555555.0,*****,278,69518.0,908.3044643730427,40220.0,1733.2628190785147
280,"Hickory-Lenoir, NC CSA",410448.0,,-555555555.0,*****,335452.0,,345.0,,25874.0,,664.0,,1398.0,,196.0,,11001.0,,255.0,,179.0,,130.0,,1064.0,,427.0,,6590.0,,725.0,,28890.0,,-555555555.0,*****,280,11180.0,286.2254356272342,9052.0,863.9270802561985
284,"Hot Springs-Malvern, AR CSA",131816.0,,-555555555.0,*****,108573.0,,87.0,,12021.0,,392.0,,783.0,,174.0,,664.0,,306.0,,16.0,,22.0,,364.0,,366.0,,2813.0,,468.0,,6582.0,,-555555555.0,*****,284,680.0,306.78983033992506,3960.0,619.0767319161656
288,"Houston-The Woodlands, TX CSA",6978302.0,,-555555555.0,*****,2592401.0,,1289.0,,1176098.0,,2657.0,,13347.0,,1144.0,,516778.0,,2655.0,,3251.0,,376.0,,13802.0,,1654.0,,103998.0,,4542.0,,2558627.0,,-555555555.0,*****,288,520029.0,2681.492308398441,131147.0,4967.314767558021
290,"Huntsville-Decatur-Albertville, AL CSA",769250.0,,-555555555.0,*****,554294.0,,328.0,,119889.0,,1060.0,,6503.0,,593.0,,11684.0,,553.0,,524.0,,142.0,,1257.0,,424.0,,18747.0,,1314.0,,56352.0,,-555555555.0,*****,290,12208.0,570.9404522364832,26507.0,1502.671288073343
292,"Idaho Falls-Rexburg-Blackfoot, ID CSA",240189.0,,-555555555.0,*****,199216.0,,145.0,,858.0,,204.0,,3056.0,,284.0,,1917.0,,240.0,,244.0,,101.0,,192.0,,131.0,,4496.0,,438.0,,30210.0,,56.0,,292,2161.0,260.3862515571819,7744.0,538.2016350774122
294,"Indianapolis-Carmel-Muncie, IN CSA",2389982.0,,-555555555.0,*****,1800957.0,,719.0,,311523.0,,2224.0,,3915.0,,538.0,,70170.0,,1219.0,,555.0,,138.0,,4938.0,,730.0,,50705.0,,2561.0,,147219.0,,-555555555.0,*****,294,70725.0,1226.786452484702,59558.0,2716.811550328804
296,"Ithaca-Cortland, NY CSA",151085.0,,-555555555.0,*****,124236.0,,154.0,,4501.0,,354.0,,261.0,,91.0,,10675.0,,349.0,,31.0,,50.0,,458.0,,176.0,,4489.0,,490.0,,6434.0,,-555555555.0,*****,296,10706.0,352.56346946330103,5208.0,528.5423351066592
297,"Jackson-Brownsville, TN CSA",147110.0,,-555555555.0,*****,88243.0,,12.0,,48958.0,,441.0,,85.0,,51.0,,1100.0,,138.0,,8.0,,12.0,,76.0,,80.0,,2466.0,,454.0,,6174.0,,166.0,,297,1108.0,138.52075656738234,2627.0,463.80707195988293
298,"Jackson-Vicksburg-Brookhaven, MS CSA",670907.0,,-555555555.0,*****,315766.0,,202.0,,326463.0,,683.0,,815.0,,158.0,,7010.0,,367.0,,110.0,,84.0,,697.0,,291.0,,4891.0,,700.0,,15155.0,,61.0,,298,7120.0,376.49037172283704,6403.0,774.3674838214735
300,"Jacksonville-St. Marys-Palatka, FL-GA CSA",1600866.0,,-555555555.0,*****,1024369.0,,607.0,,332193.0,,2126.0,,3339.0,,454.0,,57264.0,,1302.0,,1024.0,,269.0,,4393.0,,821.0,,41730.0,,2618.0,,136554.0,,-555555555.0,*****,300,58288.0,1329.4980255720577,49462.0,2781.021574889343
304,"Johnson City-Kingsport-Bristol, TN-VA CSA",507620.0,,-555555555.0,*****,471241.0,,267.0,,11756.0,,562.0,,850.0,,205.0,,3811.0,,286.0,,162.0,,103.0,,469.0,,260.0,,8301.0,,672.0,,11030.0,,100.0,,304,3973.0,303.9819073563425,9620.0,749.1388389344128
306,"Johnstown-Somerset, PA CSA",209499.0,,-555555555.0,*****,195624.0,,111.0,,6088.0,,347.0,,109.0,,50.0,,933.0,,153.0,,64.0,,34.0,,295.0,,117.0,,3157.0,,393.0,,3229.0,,-555555555.0,*****,306,997.0,156.7322557739791,3561.0,413.08352666258673
308,"Jonesboro-Paragould, AR CSA",174378.0,,-555555555.0,*****,143717.0,,113.0,,16425.0,,834.0,,326.0,,168.0,,1469.0,,179.0,,240.0,,270.0,,467.0,,387.0,,4530.0,,611.0,,7204.0,,-555555555.0,*****,308,1709.0,323.94598315151245,5323.0,742.5052188368779
309,"Joplin-Miami, MO-OK CSA",209006.0,,-555555555.0,*****,171464.0,,130.0,,3101.0,,274.0,,8197.0,,306.0,,2332.0,,238.0,,921.0,,168.0,,122.0,,97.0,,8680.0,,488.0,,14189.0,,-555555555.0,*****,309,3253.0,291.3211286535874,16999.0,584.1138587638544
310,"Kalamazoo-Battle Creek-Portage, MI CSA",532215.0,,-555555555.0,*****,421896.0,,205.0,,45299.0,,986.0,,1836.0,,205.0,,10249.0,,512.0,,134.0,,77.0,,525.0,,216.0,,19502.0,,1135.0,,32774.0,,-555555555.0,*****,310,10383.0,517.7576653223011,21863.0,1173.4163796368277
312,"Kansas City-Overland Park-Kansas City, MO-KS CSA",2448345.0,,-555555555.0,*****,1819113.0,,669.0,,272414.0,,1851.0,,10151.0,,701.0,,66583.0,,1121.0,,3398.0,,493.0,,3963.0,,706.0,,67298.0,,2345.0,,205425.0,,-555555555.0,*****,312,69981.0,1224.6183078820927,81412.0,2547.3244787423528
314,"Knoxville-Morristown-Sevierville, TN CSA",1117109.0,,-555555555.0,*****,976032.0,,272.0,,53380.0,,984.0,,3038.0,,448.0,,14767.0,,479.0,,504.0,,245.0,,989.0,,265.0,,20480.0,,1198.0,,47919.0,,-555555555.0,*****,314,15271.0,538.0204457081534,24507.0,1306.190261791903
316,"Kokomo-Peru, IN CSA",118288.0,,-555555555.0,*****,102281.0,,223.0,,7581.0,,350.0,,643.0,,158.0,,1252.0,,137.0,,47.0,,39.0,,277.0,,227.0,,2407.0,,385.0,,3800.0,,-555555555.0,*****,316,1299.0,142.44297104455524,3327.0,474.0443017271698
318,"Lafayette-Opelousas-Morgan City, LA CSA",624152.0,,-555555555.0,*****,405436.0,,311.0,,170729.0,,1167.0,,1683.0,,227.0,,9137.0,,263.0,,21.0,,20.0,,1231.0,,345.0,,11282.0,,1241.0,,24633.0,,-555555555.0,*****,318,9158.0,263.75936002348806,14196.0,1307.9124588442455
320,"Lafayette-West Lafayette-Frankfort, IN CSA",250256.0,,-555555555.0,*****,198103.0,,172.0,,9783.0,,402.0,,475.0,,156.0,,15469.0,,298.0,,103.0,,63.0,,304.0,,168.0,,4273.0,,536.0,,21746.0,,-555555555.0,*****,320,15572.0,304.58660508958695,5052.0,582.9716974262129
324,"Lake Charles-Jennings, LA CSA",238517.0,,-555555555.0,*****,166582.0,,252.0,,55163.0,,751.0,,913.0,,268.0,,2892.0,,164.0,,6.0,,9.0,,285.0,,164.0,,4769.0,,813.0,,7907.0,,27.0,,324,2898.0,164.24676556937126,5967.0,871.6013997235204
330,"Lansing-East Lansing-Owosso, MI CSA",545108.0,,-555555555.0,*****,427828.0,,132.0,,40388.0,,1128.0,,1494.0,,241.0,,22613.0,,555.0,,117.0,,74.0,,620.0,,208.0,,18468.0,,1257.0,,33580.0,,-555555555.0,*****,330,22730.0,559.9116001655975,20582.0,1296.6857753519162
332,"Las Vegas-Henderson, NV-AZ CSA",2391343.0,,-555555555.0,*****,1124898.0,,758.0,,238714.0,,2071.0,,14454.0,,737.0,,204980.0,,2115.0,,15092.0,,528.0,,7268.0,,969.0,,84089.0,,3143.0,,701848.0,,-555555555.0,*****,332,220072.0,2179.910319256276,105811.0,3370.545801498624
336,"Lexington-Fayette--Richmond--Frankfort, KY CSA",732255.0,,-555555555.0,*****,595202.0,,504.0,,64371.0,,927.0,,1399.0,,298.0,,15204.0,,497.0,,227.0,,57.0,,1542.0,,528.0,,17958.0,,1081.0,,36352.0,,8.0,,336,15431.0,500.2579334703249,20899.0,1239.4147812576707
338,"Lima-Van Wert-Celina, OH CSA",218513.0,,-555555555.0,*****,193421.0,,123.0,,13030.0,,586.0,,311.0,,82.0,,1168.0,,166.0,,215.0,,43.0,,327.0,,129.0,,4498.0,,637.0,,5543.0,,-555555555.0,*****,338,1383.0,171.4788616710526,5136.0,655.0832008226131
339,"Lincoln-Beatrice, NE CSA",348816.0,,-555555555.0,*****,289745.0,,187.0,,12300.0,,456.0,,1527.0,,285.0,,13393.0,,529.0,,233.0,,74.0,,346.0,,186.0,,9018.0,,660.0,,22254.0,,-555555555.0,*****,339,13626.0,534.150727791323,10891.0,742.5772687067656
340,"Little Rock-North Little Rock, AR CSA",905651.0,,-555555555.0,*****,607591.0,,653.0,,218336.0,,1063.0,,2610.0,,408.0,,13138.0,,575.0,,440.0,,237.0,,1590.0,,713.0,,18003.0,,1213.0,,43943.0,,138.0,,340,13578.0,621.9276485251319,22203.0,1464.9921501496176
346,"Longview-Marshall, TX CSA",284503.0,,-555555555.0,*****,180942.0,,138.0,,51350.0,,529.0,,937.0,,173.0,,2670.0,,190.0,,158.0,,135.0,,417.0,,248.0,,4208.0,,520.0,,43821.0,,-555555555.0,*****,346,2828.0,233.0772404161333,5562.0,601.525560554163
348,"Los Angeles-Long Beach, CA CSA",18629045.0,,-555555555.0,*****,5823119.0,,2039.0,,1172961.0,,4200.0,,46427.0,,1958.0,,2434797.0,,5214.0,,46651.0,,1148.0,,46251.0,,2057.0,,442694.0,,7799.0,,8616145.0,,-555555555.0,*****,348,2481448.0,5338.885651519426,535372.0,8299.96469872011
350,"Louisville/Jefferson County--Elizabethtown--Madison, KY-IN CSA",1513472.0,,-555555555.0,*****,1174767.0,,330.0,,197920.0,,1506.0,,2718.0,,363.0,,28530.0,,604.0,,920.0,,183.0,,2865.0,,584.0,,36284.0,,1645.0,,69468.0,,-555555555.0,*****,350,29450.0,631.1140942808994,41867.0,1782.9329768670498
352,"Lubbock-Levelland, TX CSA",336285.0,,-555555555.0,*****,178797.0,,132.0,,21568.0,,586.0,,1229.0,,199.0,,6457.0,,369.0,,203.0,,70.0,,254.0,,138.0,,5281.0,,662.0,,122496.0,,-555555555.0,*****,352,6660.0,375.5808834325837,6764.0,704.9035395002638
356,"Macon-Bibb County--Warner Robins, GA CSA",419619.0,,-555555555.0,*****,218321.0,,641.0,,164401.0,,1070.0,,885.0,,186.0,,8143.0,,447.0,,93.0,,82.0,,760.0,,387.0,,8360.0,,924.0,,18656.0,,265.0,,356,8236.0,454.45901905452376,10005.0,1018.8920453119654
357,"Madison-Janesville-Beloit, WI CSA",872646.0,,-555555555.0,*****,725462.0,,255.0,,35229.0,,1006.0,,2687.0,,245.0,,34176.0,,716.0,,227.0,,81.0,,711.0,,265.0,,20601.0,,1218.0,,53553.0,,-555555555.0,*****,357,34403.0,720.5671377463726,23999.0,1270.344047886241
358,"Manhattan-Junction City, KS CSA",133736.0,,-555555555.0,*****,98611.0,,140.0,,10727.0,,449.0,,940.0,,200.0,,5048.0,,260.0,,490.0,,41.0,,174.0,,129.0,,4705.0,,578.0,,13041.0,,-555555555.0,*****,358,5538.0,263.2128416320146,5819.0,625.0799948806552
359,"Mankato-New Ulm-North Mankato, MN CSA",125316.0,,-555555555.0,*****,112269.0,,73.0,,3506.0,,287.0,,275.0,,74.0,,2218.0,,170.0,,24.0,,23.0,,80.0,,72.0,,2060.0,,308.0,,4884.0,,-555555555.0,*****,359,2242.0,171.5488268686207,2415.0,324.8445782216474
360,"Mansfield-Ashland-Bucyrus, OH CSA",216822.0,,-555555555.0,*****,195159.0,,166.0,,10226.0,,530.0,,233.0,,108.0,,1593.0,,148.0,,30.0,,33.0,,271.0,,127.0,,5675.0,,547.0,,3635.0,,-555555555.0,*****,360,1623.0,151.63442880823604,6179.0,571.8408869606999
362,"Martin-Union City, TN-KY CSA",70356.0,,-555555555.0,*****,59045.0,,60.0,,7497.0,,245.0,,187.0,,57.0,,195.0,,53.0,,29.0,,28.0,,68.0,,59.0,,1119.0,,238.0,,2216.0,,-555555555.0,*****,362,224.0,59.941638282582836,1374.0,251.7419313503414
364,"Mayag�ez-San Germ�n, PR CSA",220923.0,,-555555555.0,*****,750.0,,269.0,,104.0,,66.0,,6.0,,12.0,,33.0,,32.0,,1.0,,11.0,,145.0,,136.0,,0.0,,32.0,,219884.0,,326.0,,364,34.0,33.83784863137726,151.0,140.22838514366484
365,"McAllen-Edinburg, TX CSA",913283.0,,-555555555.0,*****,54764.0,,187.0,,3640.0,,158.0,,621.0,,133.0,,7848.0,,348.0,,118.0,,90.0,,266.0,,108.0,,1046.0,,384.0,,844980.0,,208.0,,365,7966.0,359.4495792180038,1933.0,420.4866228549964
372,"Midland-Odessa, TX CSA",328150.0,,-555555555.0,*****,131768.0,,336.0,,16686.0,,616.0,,1024.0,,271.0,,5012.0,,231.0,,124.0,,100.0,,425.0,,273.0,,3759.0,,725.0,,169352.0,,202.0,,372,5136.0,251.71610993339303,5208.0,820.7283350780574
366,"Medford-Grants Pass, OR CSA",299748.0,,-555555555.0,*****,248569.0,,305.0,,1645.0,,346.0,,2621.0,,537.0,,3507.0,,309.0,,772.0,,150.0,,398.0,,293.0,,9122.0,,713.0,,33114.0,,-555555555.0,*****,366,4279.0,343.48362406379727,12141.0,939.4610156893153
368,"Memphis-Forrest City, TN-MS-AR CSA",1372285.0,,-555555555.0,*****,601054.0,,597.0,,642055.0,,1401.0,,1981.0,,387.0,,27353.0,,744.0,,452.0,,178.0,,2310.0,,660.0,,22978.0,,1524.0,,74102.0,,212.0,,368,27805.0,764.9967320191636,27269.0,1705.2697733789807
370,"Miami-Fort Lauderdale-Port St. Lucie, FL CSA",6725672.0,,-555555555.0,*****,2316370.0,,1519.0,,1308928.0,,3348.0,,8086.0,,675.0,,157114.0,,1477.0,,2458.0,,392.0,,23878.0,,1986.0,,86083.0,,3209.0,,2822755.0,,-555555555.0,*****,370,159572.0,1528.133829217847,118047.0,3833.7321241839522
376,"Milwaukee-Racine-Waukesha, WI CSA",2046746.0,,-555555555.0,*****,1438619.0,,351.0,,283336.0,,1541.0,,7030.0,,501.0,,62399.0,,766.0,,545.0,,138.0,,1918.0,,408.0,,40604.0,,1858.0,,212295.0,,-555555555.0,*****,376,62944.0,778.3315488916019,49552.0,1967.1372600812583
378,"Minneapolis-St. Paul, MN-WI CSA",3901933.0,,-555555555.0,*****,3007868.0,,816.0,,304803.0,,2370.0,,19266.0,,801.0,,235233.0,,1627.0,,974.0,,193.0,,6079.0,,889.0,,106188.0,,2916.0,,221522.0,,-555555555.0,*****,378,236207.0,1638.4071533046967,131533.0,3151.980012626984
380,"Mobile-Daphne-Fairhope, AL CSA",622766.0,,-555555555.0,*****,409755.0,,354.0,,166129.0,,735.0,,4270.0,,521.0,,9785.0,,530.0,,71.0,,51.0,,1725.0,,556.0,,9705.0,,992.0,,21326.0,,-555555555.0,*****,380,9856.0,532.4481195384204,15700.0,1250.8561068324366
382,"Modesto-Merced, CA CSA",808376.0,,-555555555.0,*****,305804.0,,482.0,,22376.0,,671.0,,3440.0,,439.0,,48086.0,,1173.0,,4267.0,,326.0,,1409.0,,513.0,,18527.0,,1325.0,,404467.0,,-555555555.0,*****,382,52353.0,1217.4584181810892,23376.0,1487.1163370765585
384,"Monroe-Ruston-Bastrop, LA CSA",251898.0,,-555555555.0,*****,144450.0,,13.0,,95872.0,,464.0,,448.0,,117.0,,2572.0,,121.0,,39.0,,55.0,,110.0,,99.0,,2392.0,,476.0,,6015.0,,111.0,,384,2611.0,132.9135057095403,2950.0,500.0659956445749
390,"Morgantown-Fairmont, WV CSA",195586.0,,-555555555.0,*****,175678.0,,656.0,,7401.0,,383.0,,546.0,,275.0,,4218.0,,223.0,,6.0,,8.0,,643.0,,346.0,,3354.0,,444.0,,3740.0,,367.0,,390,4224.0,223.14345161801185,4543.0,626.4798480398232
393,"Moses Lake-Othello, WA CSA",114312.0,,-555555555.0,*****,58188.0,,58.0,,704.0,,146.0,,908.0,,193.0,,1070.0,,166.0,,32.0,,41.0,,34.0,,36.0,,1959.0,,283.0,,51417.0,,-555555555.0,*****,393,1102.0,170.98830369355676,2901.0,344.43286718894876
394,"Mount Pleasant-Alma, MI CSA",111842.0,,-555555555.0,*****,95900.0,,76.0,,4039.0,,178.0,,2117.0,,249.0,,1330.0,,154.0,,31.0,,31.0,,100.0,,74.0,,3118.0,,334.0,,5207.0,,-555555555.0,*****,394,1361.0,157.08914666519772,5335.0,423.12291358422084
396,"Myrtle Beach-Conway, SC-NC CSA",509380.0,,-555555555.0,*****,390592.0,,451.0,,75489.0,,641.0,,2249.0,,363.0,,5228.0,,323.0,,189.0,,147.0,,1163.0,,453.0,,7267.0,,809.0,,27203.0,,-555555555.0,*****,396,5417.0,354.8774436337142,10679.0,995.7203422648349
400,"Nashville-Davidson--Murfreesboro, TN CSA",1986902.0,,-555555555.0,*****,1457307.0,,588.0,,287737.0,,1835.0,,4106.0,,556.0,,49488.0,,967.0,,875.0,,200.0,,3923.0,,783.0,,42159.0,,2040.0,,141307.0,,60.0,,400,50363.0,987.4659487800074,50188.0,2254.7339089125353
404,"New Bern-Morehead City, NC CSA",194439.0,,-555555555.0,*****,142985.0,,90.0,,31039.0,,473.0,,769.0,,143.0,,3703.0,,358.0,,139.0,,86.0,,146.0,,92.0,,4402.0,,659.0,,11256.0,,-555555555.0,*****,404,3842.0,368.18473623983925,5317.0,680.5835731194222
406,"New Orleans-Metairie-Hammond, LA-MS CSA",1495745.0,,-555555555.0,*****,811247.0,,584.0,,496485.0,,1353.0,,4122.0,,544.0,,37214.0,,594.0,,195.0,,89.0,,4189.0,,691.0,,24047.0,,1624.0,,118246.0,,-555555555.0,*****,406,37409.0,600.6305020559645,32358.0,1846.8332355683879
408,"New York-Newark, NY-NJ-CT-PA CSA",23527576.0,,-555555555.0,*****,11729225.0,,3293.0,,3485471.0,,5689.0,,32572.0,,1315.0,,2305448.0,,5340.0,,6287.0,,704.0,,135444.0,,4805.0,,407081.0,,7203.0,,5426048.0,,-555555555.0,*****,408,2311735.0,5386.206085919847,575097.0,8757.87982333624
412,"North Port-Sarasota, FL CSA",999350.0,,-555555555.0,*****,779799.0,,478.0,,63621.0,,947.0,,1856.0,,340.0,,16678.0,,497.0,,466.0,,162.0,,1295.0,,475.0,,14337.0,,1211.0,,121298.0,,-555555555.0,*****,412,17144.0,522.7360710721998,17488.0,1344.5244512466109
416,"Oklahoma City-Shawnee, OK CSA",1441759.0,,-555555555.0,*****,937649.0,,486.0,,140895.0,,1323.0,,53053.0,,1272.0,,43667.0,,868.0,,792.0,,163.0,,2305.0,,452.0,,80618.0,,2046.0,,182780.0,,-555555555.0,*****,416,44459.0,883.1721236542738,135976.0,2451.2046018233564
425,"Parkersburg-Marietta-Vienna, WV-OH CSA",152024.0,,-555555555.0,*****,144808.0,,77.0,,1966.0,,211.0,,434.0,,102.0,,803.0,,174.0,,41.0,,41.0,,66.0,,61.0,,2240.0,,263.0,,1666.0,,55.0,,425,844.0,178.76520914316635,2740.0,288.6069992221256
426,"Pensacola-Ferry Pass, FL-AL CSA",519292.0,,-555555555.0,*****,364611.0,,257.0,,89744.0,,1440.0,,3578.0,,433.0,,12856.0,,671.0,,690.0,,128.0,,686.0,,245.0,,19797.0,,1625.0,,27330.0,,-555555555.0,*****,426,13546.0,683.0995535059293,24061.0,1699.4525589141933
427,"Peoria-Canton, IL CSA",409844.0,,-555555555.0,*****,341359.0,,255.0,,35594.0,,799.0,,829.0,,115.0,,8931.0,,304.0,,54.0,,28.0,,492.0,,257.0,,8699.0,,843.0,,13886.0,,-555555555.0,*****,427,8985.0,305.28675044947494,10020.0,888.7761247918398
428,"Philadelphia-Reading-Camden, PA-NJ-DE-MD CSA",7176556.0,,-555555555.0,*****,4486945.0,,1207.0,,1363671.0,,3642.0,,10901.0,,826.0,,385444.0,,1786.0,,1587.0,,275.0,,16205.0,,1714.0,,152531.0,,3778.0,,759272.0,,-555555555.0,*****,428,387031.0,1807.0475920683439,179637.0,4230.05390036581
420,"Omaha-Council Bluffs-Fremont, NE-IA CSA",959574.0,,-555555555.0,*****,736967.0,,328.0,,69250.0,,915.0,,3194.0,,326.0,,25644.0,,673.0,,583.0,,122.0,,1182.0,,329.0,,23691.0,,1223.0,,99063.0,,-555555555.0,*****,420,26227.0,683.9685665291936,28067.0,1307.7637401304564
422,"Orlando-Deltona-Daytona Beach, FL CSA",3206033.0,,-555555555.0,*****,1730814.0,,1502.0,,451160.0,,2906.0,,6262.0,,704.0,,114684.0,,1576.0,,1703.0,,414.0,,17810.0,,2226.0,,63408.0,,3195.0,,820192.0,,-555555555.0,*****,422,116387.0,1629.4698524366752,87480.0,3957.1096775298
423,"Oskaloosa-Pella, IA CSA",55415.0,,-555555555.0,*****,52202.0,,12.0,,536.0,,101.0,,121.0,,37.0,,621.0,,99.0,,15.0,,23.0,,10.0,,12.0,,806.0,,145.0,,1104.0,,-555555555.0,*****,423,636.0,101.6366075781753,937.0,150.1266132302997
424,"Paducah-Mayfield, KY-IL CSA",134361.0,,-555555555.0,*****,115947.0,,40.0,,10004.0,,334.0,,248.0,,92.0,,716.0,,132.0,,157.0,,133.0,,40.0,,39.0,,2581.0,,383.0,,4668.0,,-555555555.0,*****,424,873.0,187.3846311734236,2869.0,395.8206664639935
430,"Pittsburgh-New Castle-Weirton, PA-OH-WV CSA",2632416.0,,-555555555.0,*****,2273940.0,,520.0,,196954.0,,1841.0,,2008.0,,297.0,,55215.0,,792.0,,873.0,,139.0,,3937.0,,639.0,,55984.0,,1893.0,,43505.0,,-555555555.0,*****,430,56088.0,804.1050926340412,61929.0,2019.895789391126
434,"Ponce-Coamo-Santa Isabel, PR CSA",386605.0,,-555555555.0,*****,1568.0,,402.0,,144.0,,83.0,,15.0,,17.0,,17.0,,20.0,,0.0,,32.0,,52.0,,56.0,,60.0,,53.0,,384749.0,,424.0,,434,17.0,37.73592452822641,127.0,78.95568377260753
438,"Portland-Lewiston-South Portland, ME CSA",636767.0,,-555555555.0,*****,585866.0,,266.0,,12257.0,,657.0,,1487.0,,321.0,,9725.0,,410.0,,46.0,,33.0,,561.0,,241.0,,14931.0,,840.0,,11894.0,,-555555555.0,*****,438,9771.0,411.32590484918404,16979.0,930.9790545441933
440,"Portland-Vancouver-Salem, OR-WA CSA",3152673.0,,-555555555.0,*****,2331782.0,,1113.0,,72456.0,,1458.0,,19061.0,,1067.0,,172924.0,,1985.0,,16025.0,,703.0,,5987.0,,1109.0,,123259.0,,2737.0,,411179.0,,-555555555.0,*****,440,188949.0,2105.8095830345155,148307.0,3139.9902866091797
444,"Pueblo-Ca�on City, CO CSA",211687.0,,-555555555.0,*****,123283.0,,80.0,,4683.0,,364.0,,1519.0,,225.0,,1436.0,,164.0,,29.0,,22.0,,253.0,,104.0,,3661.0,,422.0,,76823.0,,-555555555.0,*****,444,1465.0,165.46903033498444,5433.0,489.41291360159266
446,"Pullman-Moscow, WA-ID CSA",87832.0,,-555555555.0,*****,73227.0,,84.0,,1423.0,,181.0,,538.0,,128.0,,5080.0,,286.0,,101.0,,84.0,,111.0,,83.0,,2657.0,,333.0,,4695.0,,-555555555.0,*****,446,5181.0,298.0805260328155,3306.0,366.2813126546316
448,"Quincy-Hannibal, IL-MO CSA",115343.0,,-555555555.0,*****,105897.0,,91.0,,4303.0,,271.0,,419.0,,86.0,,795.0,,125.0,,107.0,,86.0,,117.0,,89.0,,1886.0,,294.0,,1819.0,,-555555555.0,*****,448,902.0,151.72672803431834,2422.0,318.9874605685935
450,"Raleigh-Durham-Chapel Hill, NC CSA",2154965.0,,-555555555.0,*****,1274977.0,,678.0,,476965.0,,2355.0,,7587.0,,668.0,,101016.0,,1186.0,,926.0,,182.0,,5742.0,,1152.0,,52208.0,,2675.0,,235544.0,,-555555555.0,*****,450,101942.0,1199.8833276614855,65537.0,2988.1353717661455
452,"Rapid City-Spearfish, SD CSA",170525.0,,-555555555.0,*****,142511.0,,198.0,,1921.0,,194.0,,10322.0,,579.0,,2101.0,,189.0,,100.0,,57.0,,213.0,,242.0,,5691.0,,629.0,,7666.0,,-555555555.0,*****,452,2201.0,197.40820651634522,16226.0,888.5077377265771
454,"Redding-Red Bluff, CA CSA",242458.0,,-555555555.0,*****,187114.0,,164.0,,2560.0,,224.0,,5027.0,,460.0,,6290.0,,372.0,,199.0,,116.0,,175.0,,100.0,,7865.0,,712.0,,33228.0,,-555555555.0,*****,454,6489.0,389.6665240946417,13067.0,853.5478896933669
456,"Reno-Carson City-Fernley, NV CSA",609877.0,,-555555555.0,*****,404752.0,,357.0,,11328.0,,551.0,,9331.0,,378.0,,25639.0,,694.0,,2793.0,,182.0,,1290.0,,439.0,,17864.0,,925.0,,136880.0,,121.0,,456,28432.0,717.4677693109287,28485.0,1091.4348354345302
458,"Richmond-Connersville, IN CSA",89872.0,,-555555555.0,*****,81111.0,,26.0,,3869.0,,266.0,,109.0,,64.0,,726.0,,175.0,,0.0,,27.0,,27.0,,28.0,,1814.0,,290.0,,2216.0,,-555555555.0,*****,458,726.0,177.0706073858674,1950.0,298.2951558440063
462,"Rochester-Austin, MN CSA",255637.0,,-555555555.0,*****,214369.0,,202.0,,10526.0,,576.0,,454.0,,121.0,,10493.0,,471.0,,230.0,,191.0,,520.0,,275.0,,5206.0,,734.0,,13839.0,,-555555555.0,*****,462,10723.0,508.25387357107275,6180.0,793.10907194408
464,"Rochester-Batavia-Seneca Falls, NY CSA",1167391.0,,-555555555.0,*****,908571.0,,407.0,,120032.0,,1083.0,,2505.0,,278.0,,30345.0,,606.0,,278.0,,115.0,,1718.0,,439.0,,23635.0,,1247.0,,80307.0,,-555555555.0,*****,464,30623.0,616.8152073352278,27858.0,1350.9307902331636
466,"Rockford-Freeport-Rochelle, IL CSA",436541.0,,-555555555.0,*****,320999.0,,204.0,,41921.0,,772.0,,779.0,,216.0,,8594.0,,375.0,,65.0,,55.0,,501.0,,224.0,,9750.0,,868.0,,53932.0,,-555555555.0,*****,466,8659.0,379.0118731649445,11030.0,922.0932707703706
468,"Rocky Mount-Wilson-Roanoke Rapids, NC CSA",300594.0,,-555555555.0,*****,132878.0,,366.0,,137592.0,,859.0,,2836.0,,211.0,,1970.0,,296.0,,147.0,,110.0,,494.0,,395.0,,5734.0,,859.0,,18943.0,,-555555555.0,*****,468,2117.0,315.77840331472953,9064.0,968.7244190170908
470,"Rome-Summerville, GA CSA",121641.0,,-555555555.0,*****,89472.0,,453.0,,16270.0,,361.0,,188.0,,111.0,,1571.0,,179.0,,0.0,,31.0,,613.0,,443.0,,1875.0,,421.0,,11652.0,,-555555555.0,*****,470,1571.0,181.6645259812713,2676.0,621.136860925191
472,"Sacramento-Roseville, CA CSA",2562195.0,,-555555555.0,*****,1379468.0,,1052.0,,161252.0,,2099.0,,10074.0,,754.0,,317031.0,,2306.0,,19039.0,,716.0,,7398.0,,1468.0,,117345.0,,3144.0,,550588.0,,-555555555.0,*****,472,336070.0,2414.599759794571,134817.0,3550.8134279345063
474,"Saginaw-Midland-Bay City, MI CSA",380953.0,,-555555555.0,*****,304877.0,,87.0,,37777.0,,723.0,,1085.0,,200.0,,4962.0,,309.0,,52.0,,28.0,,357.0,,205.0,,7977.0,,797.0,,23866.0,,-555555555.0,*****,474,5014.0,310.26601489689455,9419.0,846.8966879141752
476,"St. Louis-St. Charles-Farmington, MO-IL CSA",2909977.0,,-555555555.0,*****,2167946.0,,826.0,,515255.0,,2141.0,,5046.0,,569.0,,71511.0,,1146.0,,617.0,,132.0,,5675.0,,1010.0,,58370.0,,2381.0,,85557.0,,-555555555.0,*****,476,72128.0,1153.577045541389,69091.0,2648.211094304984
482,"Salt Lake City-Provo-Orem, UT CSA",2511156.0,,-555555555.0,*****,1946901.0,,763.0,,30541.0,,1063.0,,12334.0,,896.0,,63808.0,,1303.0,,24328.0,,911.0,,3745.0,,645.0,,58447.0,,2069.0,,371052.0,,-555555555.0,*****,482,88136.0,1589.8836435412497,74526.0,2345.123024491466
488,"San Jose-San Francisco-Oakland, CA CSA",8741191.0,,-555555555.0,*****,3462253.0,,1575.0,,499620.0,,2962.0,,19357.0,,849.0,,2093511.0,,4152.0,,47736.0,,1147.0,,28653.0,,2069.0,,351198.0,,5623.0,,2238863.0,,-555555555.0,*****,488,2141247.0,4307.518194970277,399208.0,6051.420577021564
490,"San Juan-Carolina, PR CSA",2432066.0,,-555555555.0,*****,18548.0,,1479.0,,2512.0,,455.0,,32.0,,33.0,,2099.0,,626.0,,32.0,,30.0,,1532.0,,354.0,,705.0,,242.0,,2406606.0,,1680.0,,490,2131.0,626.7184375778329,2269.0,430.0802250743459
496,"Savannah-Hinesville-Statesboro, GA CSA",536669.0,,-555555555.0,*****,295767.0,,314.0,,175796.0,,1241.0,,1252.0,,196.0,,10877.0,,561.0,,951.0,,266.0,,1268.0,,422.0,,15032.0,,1203.0,,35726.0,,-555555555.0,*****,496,11828.0,620.8679408698762,17552.0,1289.8484407092176
500,"Seattle-Tacoma, WA CSA",4691993.0,,-555555555.0,*****,3121592.0,,857.0,,228716.0,,2468.0,,36603.0,,1258.0,,538529.0,,2642.0,,37770.0,,959.0,,8714.0,,944.0,,256727.0,,3829.0,,463342.0,,-555555555.0,*****,500,576299.0,2810.6662911131943,302044.0,4139.437280597449
512,"Sioux City-Vermillion, IA-SD-NE CSA",182602.0,,-555555555.0,*****,139843.0,,121.0,,4526.0,,414.0,,2855.0,,325.0,,4269.0,,159.0,,215.0,,37.0,,122.0,,112.0,,3549.0,,513.0,,27223.0,,-555555555.0,*****,512,4484.0,163.24827717314508,6526.0,617.5257079668829
515,"South Bend-Elkhart-Mishawaka, IN-MI CSA",725706.0,,-555555555.0,*****,550672.0,,327.0,,70661.0,,1057.0,,2196.0,,235.0,,11883.0,,383.0,,369.0,,72.0,,1317.0,,330.0,,19072.0,,1185.0,,69536.0,,-555555555.0,*****,515,12252.0,389.7088656933532,22585.0,1252.33781385056
518,"Spokane-Spokane Valley-Coeur d'Alene, WA-ID CSA",708913.0,,-555555555.0,*****,612158.0,,211.0,,8414.0,,744.0,,10401.0,,647.0,,12463.0,,686.0,,2717.0,,262.0,,393.0,,142.0,,25669.0,,1187.0,,36698.0,,-555555555.0,*****,518,15180.0,734.3296262578543,36463.0,1359.3167401308644
520,"Springfield-Branson, MO CSA",545081.0,,-555555555.0,*****,492012.0,,170.0,,11342.0,,553.0,,3142.0,,441.0,,6825.0,,399.0,,341.0,,145.0,,333.0,,182.0,,12537.0,,825.0,,18549.0,,-555555555.0,*****,520,7166.0,424.53032871633565,16012.0,953.0110177747159
521,"Springfield-Greenfield Town, MA CSA",701210.0,,-555555555.0,*****,496613.0,,613.0,,41637.0,,1019.0,,1008.0,,229.0,,20294.0,,568.0,,146.0,,111.0,,1246.0,,669.0,,13139.0,,1168.0,,127127.0,,-555555555.0,*****,521,20440.0,578.7443304257935,15393.0,1365.3666174328416
522,"Springfield-Jacksonville-Lincoln, IL CSA",311939.0,,-555555555.0,*****,263095.0,,301.0,,29484.0,,695.0,,365.0,,86.0,,4550.0,,251.0,,195.0,,105.0,,693.0,,301.0,,6512.0,,759.0,,7045.0,,-555555555.0,*****,522,4745.0,272.07719492820416,7570.0,821.0225331865137
524,"State College-DuBois, PA CSA",241659.0,,-555555555.0,*****,212713.0,,309.0,,7886.0,,237.0,,294.0,,93.0,,10570.0,,328.0,,49.0,,49.0,,291.0,,302.0,,2835.0,,413.0,,7021.0,,-555555555.0,*****,524,10619.0,331.6398649137344,3420.0,520.0211534158971
525,"Steamboat Springs-Craig, CO CSA",37934.0,,-555555555.0,*****,32867.0,,91.0,,324.0,,109.0,,213.0,,82.0,,259.0,,64.0,,33.0,,36.0,,95.0,,105.0,,420.0,,119.0,,3723.0,,-555555555.0,*****,525,292.0,73.43023900274328,728.0,178.63370342687296
540,"Tyler-Jacksonville, TX CSA",276918.0,,-555555555.0,*****,166530.0,,192.0,,45743.0,,774.0,,995.0,,183.0,,4045.0,,161.0,,342.0,,365.0,,315.0,,236.0,,3716.0,,651.0,,55232.0,,-555555555.0,*****,540,4387.0,398.93107174047,5026.0,716.2304098542592
544,"Victoria-Port Lavaca, TX CSA",121308.0,,-555555555.0,*****,55138.0,,134.0,,6105.0,,253.0,,158.0,,97.0,,2042.0,,199.0,,17.0,,25.0,,165.0,,129.0,,1687.0,,334.0,,55996.0,,-555555555.0,*****,544,2059.0,200.5642041840966,2010.0,370.9528271896576
545,"Virginia Beach-Norfolk, VA-NC CSA",1825246.0,,-555555555.0,*****,1027955.0,,538.0,,536711.0,,2492.0,,4586.0,,454.0,,66274.0,,1095.0,,1491.0,,217.0,,5118.0,,829.0,,63690.0,,2796.0,,119421.0,,156.0,,545,67765.0,1116.2947639400625,73394.0,2951.4357523076796
533,"Tallahassee-Bainbridge, FL-GA CSA",406934.0,,-555555555.0,*****,226034.0,,190.0,,134589.0,,867.0,,696.0,,177.0,,10660.0,,382.0,,83.0,,66.0,,957.0,,435.0,,7899.0,,844.0,,26016.0,,-555555555.0,*****,533,10743.0,387.6596445337069,9552.0,965.8623090275343
546,"Visalia-Porterville-Hanford, CA CSA",610552.0,,-555555555.0,*****,182675.0,,716.0,,14654.0,,582.0,,3996.0,,427.0,,20537.0,,861.0,,869.0,,150.0,,1081.0,,718.0,,10437.0,,1068.0,,376303.0,,-555555555.0,*****,546,21406.0,873.9685349027161,15514.0,1355.9044951618089
548,"Washington-Baltimore-Arlington, DC-MD-VA-WV-PA CSA",9665997.0,,-555555555.0,*****,5002799.0,,1592.0,,2388722.0,,4463.0,,17805.0,,838.0,,771539.0,,3333.0,,4620.0,,421.0,,32361.0,,2129.0,,294556.0,,5027.0,,1153595.0,,-555555555.0,*****,548,776159.0,3359.483591268158,344722.0,5523.1887528854195
532,"Syracuse-Auburn, NY CSA",732573.0,,-555555555.0,*****,606920.0,,290.0,,56033.0,,883.0,,3037.0,,277.0,,18871.0,,483.0,,185.0,,127.0,,1021.0,,330.0,,17474.0,,986.0,,29032.0,,-555555555.0,*****,532,19056.0,499.41766088115065,21532.0,1076.0227692758178
534,"Toledo-Port Clinton, OH CSA",645329.0,,-555555555.0,*****,488176.0,,279.0,,84580.0,,946.0,,1271.0,,209.0,,9758.0,,423.0,,150.0,,40.0,,1211.0,,318.0,,17167.0,,983.0,,43016.0,,-555555555.0,*****,534,9908.0,424.88704381282326,19649.0,1054.0844368455498
536,"Tucson-Nogales, AZ CSA",1066306.0,,-555555555.0,*****,538077.0,,264.0,,32924.0,,777.0,,25175.0,,738.0,,28525.0,,715.0,,1374.0,,246.0,,1198.0,,253.0,,23308.0,,1191.0,,415725.0,,-555555555.0,*****,536,29899.0,756.135569855036,49681.0,1423.7745608065907
538,"Tulsa-Muskogee-Bartlesville, OK CSA",1154917.0,,-555555555.0,*****,744365.0,,303.0,,87040.0,,895.0,,101699.0,,1356.0,,25220.0,,508.0,,861.0,,130.0,,1975.0,,390.0,,87694.0,,1740.0,,106063.0,,-555555555.0,*****,538,26081.0,524.3700983084372,191368.0,2240.1865993706865
554,"Wausau-Stevens Point-Wisconsin Rapids, WI CSA",306985.0,,-555555555.0,*****,279067.0,,222.0,,1968.0,,269.0,,984.0,,136.0,,11415.0,,327.0,,63.0,,40.0,,300.0,,223.0,,4785.0,,365.0,,8403.0,,-555555555.0,*****,554,11478.0,329.4373992126577,6069.0,448.8318170540052
556,"Wichita-Arkansas City-Winfield, KS CSA",679356.0,,-555555555.0,*****,494120.0,,182.0,,47568.0,,905.0,,5005.0,,466.0,,23626.0,,654.0,,290.0,,131.0,,508.0,,197.0,,22157.0,,1278.0,,86082.0,,-555555555.0,*****,556,23916.0,666.9910044370913,27670.0,1374.4995452891208
558,"Williamsport-Lock Haven, PA CSA",153933.0,,-555555555.0,*****,141228.0,,192.0,,6002.0,,283.0,,223.0,,65.0,,1106.0,,103.0,,24.0,,26.0,,259.0,,153.0,,2236.0,,329.0,,2855.0,,-555555555.0,*****,558,1130.0,106.23088063270491,2718.0,368.6122624113311
566,"Youngstown-Warren, OH-PA CSA",649491.0,,-555555555.0,*****,551423.0,,164.0,,58731.0,,812.0,,1032.0,,248.0,,3810.0,,288.0,,21.0,,16.0,,451.0,,168.0,,13581.0,,900.0,,20442.0,,-555555555.0,*****,566,3831.0,288.44410203711914,15064.0,948.5399306302292
104,"Albany-Schenectady, NY CSA",1170877.0,,-555555555.0,*****,966618.0,,842.0,,71116.0,,1125.0,,1776.0,,237.0,,40560.0,,690.0,,265.0,,128.0,,4482.0,,973.0,,27342.0,,1308.0,,58718.0,,-555555555.0,*****,104,40825.0,701.7720427603255,33600.0,1647.3499931708502
106,"Albuquerque-Santa Fe-Las Vegas, NM CSA",1171604.0,,-555555555.0,*****,451453.0,,533.0,,22522.0,,698.0,,68096.0,,728.0,,22308.0,,776.0,,666.0,,170.0,,2728.0,,566.0,,19882.0,,1434.0,,583949.0,,-555555555.0,*****,106,22974.0,794.4029204377335,90706.0,1704.9035163316428
108,"Amarillo-Borger, TX CSA",284983.0,,125.0,,173501.0,,186.0,,15976.0,,434.0,,1224.0,,200.0,,8779.0,,357.0,,282.0,,119.0,,164.0,,98.0,,5431.0,,667.0,,79626.0,,96.0,,108,9061.0,376.31104156003715,6819.0,703.2019624545995
118,"Appleton-Oshkosh-Neenah, WI CSA",404487.0,,-555555555.0,*****,358659.0,,169.0,,6609.0,,327.0,,4060.0,,278.0,,12173.0,,370.0,,53.0,,43.0,,338.0,,166.0,,5948.0,,544.0,,16647.0,,-555555555.0,*****,118,12226.0,372.4902683292545,10346.0,633.0687166493066
120,"Asheville-Brevard, NC CSA",483450.0,,-555555555.0,*****,413867.0,,436.0,,21783.0,,756.0,,1759.0,,282.0,,5115.0,,272.0,,507.0,,198.0,,616.0,,413.0,,7940.0,,818.0,,31863.0,,-555555555.0,*****,120,5622.0,336.4342432036311,10315.0,958.7580508136555
122,"Atlanta--Athens-Clarke County--Sandy Springs, GA CSA",6440883.0,,-555555555.0,*****,3193838.0,,1571.0,,2027944.0,,3158.0,,9884.0,,811.0,,343965.0,,2205.0,,2208.0,,589.0,,22052.0,,2273.0,,134593.0,,3930.0,,706399.0,,-555555555.0,*****,122,346173.0,2282.311547532457,166529.0,4611.848870030327
145,"Bloomington-Pontiac, IL CSA",225585.0,,-555555555.0,*****,185294.0,,277.0,,15696.0,,333.0,,258.0,,75.0,,9171.0,,374.0,,23.0,,24.0,,553.0,,325.0,,4193.0,,498.0,,10397.0,,-555555555.0,*****,145,9194.0,374.7692623468472,5004.0,599.3780109413424
146,"Bloomsburg-Berwick-Sunbury, PA CSA",262419.0,,-555555555.0,*****,240741.0,,136.0,,6915.0,,276.0,,512.0,,134.0,,2934.0,,177.0,,60.0,,36.0,,187.0,,117.0,,2579.0,,324.0,,8491.0,,69.0,,146,2994.0,180.62391868188442,3278.0,369.62278068322576
147,"Boise City-Mountain Home-Ontario, ID-OR CSA",773857.0,,-555555555.0,*****,614108.0,,236.0,,7515.0,,618.0,,4569.0,,558.0,,14837.0,,776.0,,1323.0,,259.0,,596.0,,217.0,,18394.0,,1309.0,,112515.0,,-555555555.0,*****,147,16160.0,818.0812918041825,23559.0,1439.4214115400673
144,"Bloomington-Bedford, IN CSA",211900.0,,-555555555.0,*****,185667.0,,77.0,,4490.0,,342.0,,587.0,,167.0,,9832.0,,357.0,,36.0,,34.0,,92.0,,60.0,,5299.0,,568.0,,5897.0,,-555555555.0,*****,144,9868.0,358.6153928653928,5978.0,595.0739449849909
148,"Boston-Worcester-Providence, MA-RI-NH-CT CSA",8200935.0,,-555555555.0,*****,6105911.0,,2669.0,,493388.0,,3157.0,,12276.0,,913.0,,484997.0,,2367.0,,2367.0,,451.0,,59835.0,,3271.0,,172232.0,,4001.0,,869929.0,,-555555555.0,*****,148,487364.0,2409.582951466913,244343.0,5247.953029515413
140,"Bend-Redmond-Prineville, OR CSA",202977.0,,-555555555.0,*****,177815.0,,133.0,,1039.0,,142.0,,901.0,,249.0,,2237.0,,296.0,,201.0,,173.0,,151.0,,121.0,,4743.0,,419.0,,15890.0,,-555555555.0,*****,140,2438.0,342.84836298282073,5795.0,502.19816805719233
142,"Birmingham-Hoover-Talladega, AL CSA",1361423.0,,-555555555.0,*****,892307.0,,446.0,,369657.0,,1564.0,,3031.0,,441.0,,16791.0,,795.0,,307.0,,66.0,,2349.0,,811.0,,20585.0,,1825.0,,56396.0,,48.0,,142,17098.0,797.7349183782793,25965.0,2045.196078619358
160,"Buffalo-Cheektowaga, NY CSA",1209256.0,,-555555555.0,*****,948932.0,,413.0,,135345.0,,987.0,,8565.0,,413.0,,34526.0,,732.0,,322.0,,95.0,,1705.0,,443.0,,22789.0,,1218.0,,57072.0,,-555555555.0,*****,160,34848.0,738.1388758221585,33059.0,1360.2727667640781
162,"Cape Coral-Fort Myers-Naples, FL CSA",1082601.0,,-555555555.0,*****,717611.0,,710.0,,83668.0,,843.0,,1840.0,,395.0,,15630.0,,626.0,,211.0,,75.0,,2373.0,,646.0,,12091.0,,1120.0,,249177.0,,-555555555.0,*****,162,15841.0,630.4768036970115,16304.0,1351.9397175909878
164,"Cape Girardeau-Sikeston, MO-IL CSA",135866.0,,-555555555.0,*****,115678.0,,133.0,,12546.0,,366.0,,395.0,,146.0,,1443.0,,197.0,,25.0,,29.0,,116.0,,144.0,,2788.0,,463.0,,2875.0,,88.0,,164,1468.0,199.12307751739877,3299.0,506.3802918755824
168,"Cedar Rapids-Iowa City, IA CSA",437459.0,,-555555555.0,*****,371980.0,,411.0,,22211.0,,693.0,,729.0,,204.0,,14829.0,,644.0,,362.0,,28.0,,1000.0,,453.0,,8983.0,,916.0,,17365.0,,-555555555.0,*****,168,15191.0,644.608408260395,10712.0,1042.056140522189
150,"Bowling Green-Glasgow, KY CSA",225772.0,,-555555555.0,*****,192203.0,,123.0,,13559.0,,559.0,,502.0,,118.0,,5115.0,,272.0,,358.0,,25.0,,297.0,,125.0,,4649.0,,676.0,,9089.0,,101.0,,150,5473.0,273.1464808486465,5448.0,697.5134407307145
154,"Brownsville-Harlingen-Raymondville, TX CSA",443504.0,,-555555555.0,*****,40746.0,,284.0,,1802.0,,155.0,,545.0,,118.0,,2786.0,,169.0,,38.0,,44.0,,272.0,,262.0,,706.0,,226.0,,396609.0,,-555555555.0,*****,154,2824.0,174.6339027795004,1523.0,365.5735220171176
170,"Charleston-Huntington-Ashland, WV-OH-KY CSA",685724.0,,-555555555.0,*****,634562.0,,224.0,,24670.0,,755.0,,1141.0,,239.0,,4852.0,,269.0,,139.0,,74.0,,528.0,,243.0,,12194.0,,793.0,,7638.0,,114.0,,170,4991.0,278.9928314491252,13863.0,863.1448314159102
172,"Charlotte-Concord, NC-SC CSA",2631398.0,,-555555555.0,*****,1643257.0,,837.0,,573375.0,,2188.0,,7692.0,,661.0,,90882.0,,990.0,,988.0,,194.0,,6768.0,,965.0,,55238.0,,2281.0,,253198.0,,-555555555.0,*****,172,91870.0,1008.8290241661368,69698.0,2563.417055416461
174,"Chattanooga-Cleveland-Dalton, TN-GA-AL CSA",954283.0,,-555555555.0,*****,756140.0,,450.0,,87390.0,,847.0,,2057.0,,418.0,,12331.0,,409.0,,290.0,,130.0,,1455.0,,560.0,,16913.0,,1029.0,,77707.0,,-555555555.0,*****,174,12621.0,429.16313914407885,20425.0,1243.8508753062001
176,"Chicago-Naperville, IL-IN-WI CSA",9907569.0,,-555555555.0,*****,5365780.0,,1121.0,,1592519.0,,3260.0,,10523.0,,722.0,,620709.0,,2769.0,,2360.0,,322.0,,16166.0,,1286.0,,174294.0,,4176.0,,2125218.0,,-555555555.0,*****,176,623069.0,2787.6594124820917,200983.0,4428.775903113636
178,"Cincinnati-Wilmington-Maysville, OH-KY-IN CSA",2227874.0,,-555555555.0,*****,1781915.0,,747.0,,264818.0,,1966.0,,2323.0,,399.0,,54328.0,,941.0,,956.0,,181.0,,3907.0,,771.0,,50421.0,,2003.0,,69206.0,,101.0,,178,55284.0,958.2494456038052,56651.0,2183.037104586177
184,"Cleveland-Akron-Canton, OH CSA",3491528.0,,-555555555.0,*****,2649209.0,,711.0,,526588.0,,2659.0,,5603.0,,517.0,,71107.0,,1093.0,,553.0,,154.0,,5334.0,,830.0,,80570.0,,2629.0,,152564.0,,-555555555.0,*****,184,71660.0,1103.7957238547358,91507.0,2804.9652404263406
185,"Cleveland-Indianola, MS CSA",59124.0,,-555555555.0,*****,16921.0,,26.0,,40464.0,,111.0,,64.0,,65.0,,234.0,,110.0,,0.0,,30.0,,17.0,,26.0,,266.0,,136.0,,1158.0,,-555555555.0,*****,185,234.0,114.0175425099138,347.0,152.9607792867178
188,"Clovis-Portales, NM CSA",69316.0,,-555555555.0,*****,34221.0,,141.0,,3097.0,,305.0,,523.0,,80.0,,859.0,,140.0,,80.0,,70.0,,195.0,,141.0,,1528.0,,324.0,,28813.0,,-555555555.0,*****,188,939.0,156.52475842498527,2246.0,362.29407944375794
190,"Columbia-Moberly-Mexico, MO CSA",227195.0,,-555555555.0,*****,183947.0,,279.0,,18487.0,,869.0,,553.0,,135.0,,8044.0,,345.0,,230.0,,33.0,,396.0,,189.0,,8311.0,,942.0,,7227.0,,-555555555.0,*****,190,8274.0,346.5746672796499,9260.0,970.211317188168
192,"Columbia-Orangeburg-Newberry, SC CSA",943186.0,,-555555555.0,*****,515101.0,,380.0,,335170.0,,1401.0,,2157.0,,365.0,,17558.0,,632.0,,844.0,,156.0,,1975.0,,556.0,,21070.0,,1585.0,,49311.0,,-555555555.0,*****,192,18402.0,650.9685092229885,25202.0,1718.890921495602
194,"Columbus-Auburn-Opelika, GA-AL CSA",500837.0,,-555555555.0,*****,270878.0,,421.0,,173413.0,,1229.0,,1349.0,,255.0,,12934.0,,354.0,,476.0,,161.0,,1279.0,,401.0,,12486.0,,1353.0,,28022.0,,-555555555.0,*****,194,13410.0,388.89201586044425,15114.0,1434.0275450632041
198,"Columbus-Marion-Zanesville, OH CSA",2456974.0,,-555555555.0,*****,1877008.0,,801.0,,322451.0,,2279.0,,3132.0,,355.0,,85678.0,,1230.0,,671.0,,227.0,,4898.0,,899.0,,72815.0,,2538.0,,90321.0,,147.0,,198,86349.0,1250.7713620002658,80845.0,2715.8184769973122
200,"Columbus-West Point, MS CSA",79245.0,,-555555555.0,*****,38590.0,,28.0,,37729.0,,312.0,,172.0,,82.0,,565.0,,99.0,,17.0,,22.0,,63.0,,77.0,,760.0,,285.0,,1349.0,,143.0,,200,582.0,101.41498903022176,995.0,306.3951696747192
204,"Corpus Christi-Kingsville-Alice, TX CSA",525507.0,,181.0,,164298.0,,146.0,,15600.0,,403.0,,1078.0,,260.0,,9242.0,,317.0,,335.0,,120.0,,350.0,,143.0,,4472.0,,543.0,,330132.0,,195.0,,204,9577.0,338.9527990738533,5900.0,618.7875241146996
206,"Dallas-Fort Worth, TX-OK CSA",7696693.0,,-555555555.0,*****,3729843.0,,1363.0,,1131029.0,,3527.0,,30421.0,,1103.0,,479786.0,,2524.0,,7575.0,,473.0,,13699.0,,1832.0,,162001.0,,4158.0,,2142339.0,,-555555555.0,*****,206,487361.0,2567.9378886569666,206121.0,4675.660060355115
209,"Davenport-Moline, IA-IL CSA",472888.0,,-555555555.0,*****,378995.0,,265.0,,30095.0,,900.0,,1173.0,,195.0,,9408.0,,308.0,,101.0,,44.0,,547.0,,255.0,,10519.0,,933.0,,42050.0,,-555555555.0,*****,209,9509.0,311.1269837220809,12239.0,986.6807994483322
212,"Dayton-Springfield-Sidney, OH CSA",1077238.0,,-555555555.0,*****,859453.0,,397.0,,135167.0,,1278.0,,1933.0,,377.0,,19266.0,,599.0,,301.0,,77.0,,1791.0,,543.0,,31221.0,,1469.0,,28106.0,,-555555555.0,*****,212,19567.0,603.9288037509057,34945.0,1610.8814357363487
216,"Denver-Aurora, CO CSA",3466374.0,,-555555555.0,*****,2276497.0,,912.0,,160661.0,,1604.0,,13964.0,,745.0,,135807.0,,1496.0,,3732.0,,270.0,,7002.0,,1053.0,,82500.0,,2585.0,,786211.0,,247.0,,216,139539.0,1520.1697273659938,103466.0,2888.9546552343118
217,"DeRidder-Fort Polk South, LA CSA",87776.0,,-555555555.0,*****,65134.0,,31.0,,11811.0,,210.0,,860.0,,176.0,,1091.0,,136.0,,227.0,,30.0,,69.0,,46.0,,2431.0,,293.0,,6153.0,,-555555555.0,*****,217,1318.0,139.26952286842948,3360.0,344.8782393831191
218,"Des Moines-Ames-West Des Moines, IA CSA",794413.0,,-555555555.0,*****,655307.0,,174.0,,34387.0,,1034.0,,1332.0,,249.0,,33159.0,,673.0,,780.0,,220.0,,372.0,,170.0,,18184.0,,1184.0,,50892.0,,-555555555.0,*****,218,33939.0,708.0459024667822,19888.0,1221.7843508573844
220,"Detroit-Warren-Ann Arbor, MI CSA",5340674.0,,-555555555.0,*****,3650180.0,,941.0,,1084924.0,,2451.0,,13102.0,,783.0,,222556.0,,1694.0,,1453.0,,311.0,,10414.0,,1123.0,,124892.0,,3377.0,,233153.0,,-555555555.0,*****,220,224009.0,1722.311528150468,148408.0,3643.946624197451
221,"Dixon-Sterling, IL CSA",90923.0,,-555555555.0,*****,77634.0,,68.0,,2654.0,,188.0,,144.0,,41.0,,479.0,,63.0,,106.0,,77.0,,107.0,,89.0,,1035.0,,163.0,,8764.0,,-555555555.0,*****,221,585.0,99.48869282486326,1286.0,190.18675032714555
222,"Dothan-Enterprise-Ozark, AL CSA",248510.0,,-555555555.0,*****,174094.0,,202.0,,53439.0,,424.0,,1353.0,,168.0,,2156.0,,160.0,,21.0,,21.0,,360.0,,224.0,,5556.0,,508.0,,11531.0,,-555555555.0,*****,222,2177.0,161.37224048763778,7269.0,580.0551697899089
232,"Eau Claire-Menomonie, WI CSA",211124.0,,-555555555.0,*****,193935.0,,56.0,,1903.0,,203.0,,564.0,,174.0,,5868.0,,424.0,,364.0,,355.0,,61.0,,43.0,,4070.0,,400.0,,4359.0,,-555555555.0,*****,232,6232.0,552.9927666796375,4695.0,438.32065887886233
233,"Edwards-Glenwood Springs, CO CSA",130804.0,,-555555555.0,*****,91896.0,,198.0,,968.0,,227.0,,384.0,,209.0,,1226.0,,259.0,,43.0,,47.0,,209.0,,198.0,,1674.0,,312.0,,34404.0,,-555555555.0,*****,233,1269.0,263.2299375071156,2267.0,424.5338620180963
236,"Elmira-Corning, NY CSA",182667.0,,-555555555.0,*****,164938.0,,86.0,,6412.0,,399.0,,384.0,,154.0,,2724.0,,155.0,,18.0,,15.0,,198.0,,100.0,,3827.0,,400.0,,4166.0,,-555555555.0,*****,236,2742.0,155.72411502397438,4409.0,440.13179844223936
238,"El Paso-Las Cruces, TX-NM CSA",1057090.0,,-555555555.0,*****,162055.0,,188.0,,29077.0,,609.0,,3686.0,,330.0,,11447.0,,528.0,,1064.0,,265.0,,610.0,,191.0,,9265.0,,935.0,,839886.0,,-555555555.0,*****,238,12511.0,590.7698367384713,13561.0,1009.7554159300162
240,"Erie-Meadville, PA CSA",362136.0,,-555555555.0,*****,314865.0,,289.0,,20495.0,,600.0,,613.0,,131.0,,4944.0,,272.0,,75.0,,49.0,,823.0,,319.0,,7870.0,,660.0,,12451.0,,-555555555.0,*****,240,5019.0,276.3783638420345,9306.0,744.6623395875475
244,"Fargo-Wahpeton, ND-MN CSA",259634.0,,-555555555.0,*****,225990.0,,120.0,,10876.0,,453.0,,2810.0,,388.0,,5906.0,,399.0,,50.0,,56.0,,145.0,,119.0,,6020.0,,663.0,,7837.0,,30.0,,244,5956.0,402.91066007242847,8975.0,777.3506287384091
260,"Fresno-Madera, CA CSA",1133143.0,,-555555555.0,*****,344986.0,,566.0,,49309.0,,877.0,,5962.0,,490.0,,101038.0,,1089.0,,1240.0,,238.0,,2307.0,,587.0,,23588.0,,1512.0,,604713.0,,-555555555.0,*****,260,102278.0,1114.7039965838464,31857.0,1694.3473669823434
246,"Fayetteville-Lumberton-Laurinburg, NC CSA",554049.0,,-555555555.0,*****,216997.0,,196.0,,182179.0,,954.0,,64635.0,,591.0,,9840.0,,448.0,,917.0,,153.0,,1120.0,,308.0,,20989.0,,1222.0,,57372.0,,-555555555.0,*****,246,10757.0,473.4057456347567,86744.0,1391.9155865209643
248,"Findlay-Tiffin, OH CSA",131165.0,,-555555555.0,*****,117519.0,,118.0,,2496.0,,214.0,,182.0,,71.0,,1776.0,,154.0,,0.0,,27.0,,144.0,,118.0,,2250.0,,273.0,,6798.0,,-555555555.0,*****,248,1776.0,156.348968656656,2576.0,305.76788582190903
258,"Fort Wayne-Huntington-Auburn, IN CSA",627814.0,,-555555555.0,*****,515099.0,,209.0,,42781.0,,1009.0,,985.0,,208.0,,14948.0,,522.0,,171.0,,68.0,,449.0,,203.0,,15037.0,,1278.0,,38344.0,,-555555555.0,*****,258,15119.0,526.4104862177425,16471.0,1310.6322901561673
264,"Gainesville-Lake City, FL CSA",349868.0,,-555555555.0,*****,227451.0,,260.0,,65157.0,,959.0,,1058.0,,136.0,,16366.0,,387.0,,174.0,,74.0,,661.0,,260.0,,8654.0,,1037.0,,30347.0,,-555555555.0,*****,264,16540.0,394.01142115426046,10373.0,1077.7128560057174
266,"Grand Rapids-Wyoming-Muskegon, MI CSA",1446173.0,,-555555555.0,*****,1159827.0,,304.0,,94442.0,,1204.0,,4624.0,,461.0,,29539.0,,564.0,,234.0,,77.0,,1271.0,,366.0,,35659.0,,1449.0,,120577.0,,-555555555.0,*****,266,29773.0,569.2319386682374,41554.0,1563.9942455137102
267,"Green Bay-Shawano, WI CSA",363290.0,,-555555555.0,*****,302198.0,,266.0,,6261.0,,503.0,,12989.0,,441.0,,8638.0,,408.0,,33.0,,31.0,,310.0,,227.0,,8427.0,,770.0,,24434.0,,48.0,,267,8671.0,409.1760012512953,21726.0,915.9203022097502
268,"Greensboro--Winston-Salem--High Point, NC CSA",1652283.0,,-555555555.0,*****,1064085.0,,490.0,,349542.0,,2015.0,,5241.0,,473.0,,41965.0,,646.0,,664.0,,184.0,,4574.0,,938.0,,29809.0,,2012.0,,156403.0,,-555555555.0,*****,268,42629.0,671.6933824298108,39624.0,2269.739412355524
