NAME,B03002_001E,B03002_001EA,B03002_001M,B03002_001MA,B03002_003E,B03002_003EA,B03002_003M,B03002_003MA,B03002_004E,B03002_004EA,B03002_004M,B03002_004MA,B03002_005E,B03002_005EA,B03002_005M,B03002_005MA,B03002_006E,B03002_006EA,B03002_006M,B03002_006MA,B03002_007E,B03002_007EA,B03002_007M,B03002_007MA,B03002_008E,B03002_008EA,B03002_008M,B03002_008MA,B03002_009E,B03002_009EA,B03002_009M,B03002_009MA,B03002_012E,B03002_012EA,B03002_012M,B03002_012MA,combined statistical area
"Greenville-Spartanburg-Anderson, SC CSA",1442020.0,,-555555555.0,*****,1035227.0,,324.0,,259694.0,,1459.0,,2273.0,,335.0,,24327.0,,545.0,,581.0,,125.0,,1750.0,,431.0,,27344.0,,1532.0,,90824.0,,-555555555.0,*****,273
"Greenville-Washington, NC CSA",224615.0,,-555555555.0,*****,128093.0,,535.0,,73061.0,,638.0,,570.0,,130.0,,3092.0,,309.0,,45.0,,39.0,,761.0,,529.0,,4481.0,,725.0,,14512.0,,-555555555.0,*****,274
"Harrisburg-York-Lebanon, PA CSA",1252583.0,,-555555555.0,*****,1017707.0,,305.0,,85898.0,,1260.0,,1201.0,,265.0,,30799.0,,718.0,,207.0,,102.0,,1519.0,,366.0,,24125.0,,1435.0,,91127.0,,-555555555.0,*****,276
"Harrisonburg-Staunton-Waynesboro, VA CSA",253914.0,,-555555555.0,*****,210902.0,,118.0,,13874.0,,622.0,,530.0,,174.0,,3662.0,,346.0,,117.0,,89.0,,419.0,,204.0,,4330.0,,642.0,,20080.0,,-555555555.0,*****,277
"Hartford-West Hartford, CT CSA",1478248.0,,-555555555.0,*****,1023909.0,,489.0,,141133.0,,1166.0,,2869.0,,438.0,,69268.0,,896.0,,250.0,,149.0,,3491.0,,600.0,,33860.0,,1566.0,,203468.0,,-555555555.0,*****,278
"Hickory-Lenoir, NC CSA",410448.0,,-555555555.0,*****,335452.0,,345.0,,25874.0,,664.0,,1398.0,,196.0,,11001.0,,255.0,,179.0,,130.0,,1064.0,,427.0,,6590.0,,725.0,,28890.0,,-555555555.0,*****,280
"Hot Springs-Malvern, AR CSA",131816.0,,-555555555.0,*****,108573.0,,87.0,,12021.0,,392.0,,783.0,,174.0,,664.0,,306.0,,16.0,,22.0,,364.0,,366.0,,2813.0,,468.0,,6582.0,,-555555555.0,*****,284
"Houston-The Woodlands, TX CSA",6978302.0,,-555555555.0,*****,2592401.0,,1289.0,,1176098.0,,2657.0,,13347.0,,1144.0,,516778.0,,2655.0,,3251.0,,376.0,,13802.0,,1654.0,,103998.0,,4542.0,,2558627.0,,-555555555.0,*****,288
"Huntsville-Decatur-Albertville, AL CSA",769250.0,,-555555555.0,*****,554294.0,,328.0,,119889.0,,1060.0,,6503.0,,593.0,,11684.0,,553.0,,524.0,,142.0,,1257.0,,424.0,,18747.0,,1314.0,,56352.0,,-555555555.0,*****,290
"Idaho Falls-Rexburg-Blackfoot, ID CSA",240189.0,,-555555555.0,*****,199216.0,,145.0,,858.0,,204.0,,3056.0,,284.0,,1917.0,,240.0,,244.0,,101.0,,192.0,,131.0,,4496.0,,438.0,,30210.0,,56.0,,292
"Indianapolis-Carmel-Muncie, IN CSA",2389982.0,,-555555555.0,*****,1800957.0,,719.0,,311523.0,,2224.0,,3915.0,,538.0,,70170.0,,1219.0,,555.0,,138.0,,4938.0,,730.0,,50705.0,,2561.0,,147219.0,,-555555555.0,*****,294
"Ithaca-Cortland, NY CSA",151085.0,,-555555555.0,*****,124236.0,,154.0,,4501.0,,354.0,,261.0,,91.0,,10675.0,,349.0,,31.0,,50.0,,458.0,,176.0,,4489.0,,490.0,,6434.0,,-555555555.0,*****,296
"Jackson-Brownsville, TN CSA",147110.0,,-555555555.0,*****,88243.0,,12.0,,48958.0,,441.0,,85.0,,51.0,,1100.0,,138.0,,8.0,,12.0,,76.0,,80.0,,2466.0,,454.0,,6174.0,,166.0,,297
"Jackson-Vicksburg-Brookhaven, MS CSA",670907.0,,-555555555.0,*****,315766.0,,202.0,,326463.0,,683.0,,815.0,,158.0,,7010.0,,367.0,,110.0,,84.0,,697.0,,291.0,,4891.0,,700.0,,15155.0,,61.0,,298
"Jacksonville-St. Marys-Palatka, FL-GA CSA",1600866.0,,-555555555.0,*****,1024369.0,,607.0,,332193.0,,2126.0,,3339.0,,454.0,,57264.0,,1302.0,,1024.0,,269.0,,4393.0,,821.0,,41730.0,,2618.0,,136554.0,,-555555555.0,*****,300
"Johnson City-Kingsport-Bristol, TN-VA CSA",507620.0,,-555555555.0,*****,471241.0,,267.0,,11756.0,,562.0,,850.0,,205.0,,3811.0,,286.0,,162.0,,103.0,,469.0,,260.0,,8301.0,,672.0,,11030.0,,100.0,,304
"Johnstown-Somerset, PA CSA",209499.0,,-555555555.0,*****,195624.0,,111.0,,6088.0,,347.0,,109.0,,50.0,,933.0,,153.0,,64.0,,34.0,,295.0,,117.0,,3157.0,,393.0,,3229.0,,-555555555.0,*****,306
"Jonesboro-Paragould, AR CSA",174378.0,,-555555555.0,*****,143717.0,,113.0,,16425.0,,834.0,,326.0,,168.0,,1469.0,,179.0,,240.0,,270.0,,467.0,,387.0,,4530.0,,611.0,,7204.0,,-555555555.0,*****,308
"Joplin-Miami, MO-OK CSA",209006.0,,-555555555.0,*****,171464.0,,130.0,,3101.0,,274.0,,8197.0,,306.0,,2332.0,,238.0,,921.0,,168.0,,122.0,,97.0,,8680.0,,488.0,,14189.0,,-555555555.0,*****,309
"Kalamazoo-Battle Creek-Portage, MI CSA",532215.0,,-555555555.0,*****,421896.0,,205.0,,45299.0,,986.0,,1836.0,,205.0,,10249.0,,512.0,,134.0,,77.0,,525.0,,216.0,,19502.0,,1135.0,,32774.0,,-555555555.0,*****,310
"Kansas City-Overland Park-Kansas City, MO-KS CSA",2448345.0,,-555555555.0,*****,1819113.0,,669.0,,272414.0,,1851.0,,10151.0,,701.0,,66583.0,,1121.0,,3398.0,,493.0,,3963.0,,706.0,,67298.0,,2345.0,,205425.0,,-555555555.0,*****,312
"Knoxville-Morristown-Sevierville, TN CSA",1117109.0,,-555555555.0,*****,976032.0,,272.0,,53380.0,,984.0,,3038.0,,448.0,,14767.0,,479.0,,504.0,,245.0,,989.0,,265.0,,20480.0,,1198.0,,47919.0,,-555555555.0,*****,314
"Kokomo-Peru, IN CSA",118288.0,,-555555555.0,*****,102281.0,,223.0,,7581.0,,350.0,,643.0,,158.0,,1252.0,,137.0,,47.0,,39.0,,277.0,,227.0,,2407.0,,385.0,,3800.0,,-555555555.0,*****,316
"Lafayette-Opelousas-Morgan City, LA CSA",624152.0,,-555555555.0,*****,405436.0,,311.0,,170729.0,,1167.0,,1683.0,,227.0,,9137.0,,263.0,,21.0,,20.0,,1231.0,,345.0,,11282.0,,1241.0,,24633.0,,-555555555.0,*****,318
"Lafayette-West Lafayette-Frankfort, IN CSA",250256.0,,-555555555.0,*****,198103.0,,172.0,,9783.0,,402.0,,475.0,,156.0,,15469.0,,298.0,,103.0,,63.0,,304.0,,168.0,,4273.0,,536.0,,21746.0,,-555555555.0,*****,320
"Lake Charles-Jennings, LA CSA",238517.0,,-555555555.0,*****,166582.0,,252.0,,55163.0,,751.0,,913.0,,268.0,,2892.0,,164.0,,6.0,,9.0,,285.0,,164.0,,4769.0,,813.0,,7907.0,,27.0,,324
"Lansing-East Lansing-Owosso, MI CSA",545108.0,,-555555555.0,*****,427828.0,,132.0,,40388.0,,1128.0,,1494.0,,241.0,,22613.0,,555.0,,117.0,,74.0,,620.0,,208.0,,18468.0,,1257.0,,33580.0,,-555555555.0,*****,330
"Las Vegas-Henderson, NV-AZ CSA",2391343.0,,-555555555.0,*****,1124898.0,,758.0,,238714.0,,2071.0,,14454.0,,737.0,,204980.0,,2115.0,,15092.0,,528.0,,7268.0,,969.0,,84089.0,,3143.0,,701848.0,,-555555555.0,*****,332
"Lexington-Fayette--Richmond--Frankfort, KY CSA",732255.0,,-555555555.0,*****,595202.0,,504.0,,64371.0,,927.0,,1399.0,,298.0,,15204.0,,497.0,,227.0,,57.0,,1542.0,,528.0,,17958.0,,1081.0,,36352.0,,8.0,,336
"Lima-Van Wert-Celina, OH CSA",218513.0,,-555555555.0,*****,193421.0,,123.0,,13030.0,,586.0,,311.0,,82.0,,1168.0,,166.0,,215.0,,43.0,,327.0,,129.0,,4498.0,,637.0,,5543.0,,-555555555.0,*****,338
"Lincoln-Beatrice, NE CSA",348816.0,,-555555555.0,*****,289745.0,,187.0,,12300.0,,456.0,,1527.0,,285.0,,13393.0,,529.0,,233.0,,74.0,,346.0,,186.0,,9018.0,,660.0,,22254.0,,-555555555.0,*****,339
"Little Rock-North Little Rock, AR CSA",905651.0,,-555555555.0,*****,607591.0,,653.0,,218336.0,,1063.0,,2610.0,,408.0,,13138.0,,575.0,,440.0,,237.0,,1590.0,,713.0,,18003.0,,1213.0,,43943.0,,138.0,,340
"Longview-Marshall, TX CSA",284503.0,,-555555555.0,*****,180942.0,,138.0,,51350.0,,529.0,,937.0,,173.0,,2670.0,,190.0,,158.0,,135.0,,417.0,,248.0,,4208.0,,520.0,,43821.0,,-555555555.0,*****,346
"Los Angeles-Long Beach, CA CSA",18629045.0,,-555555555.0,*****,5823119.0,,2039.0,,1172961.0,,4200.0,,46427.0,,1958.0,,2434797.0,,5214.0,,46651.0,,1148.0,,46251.0,,2057.0,,442694.0,,7799.0,,8616145.0,,-555555555.0,*****,348
"Louisville/Jefferson County--Elizabethtown--Madison, KY-IN CSA",1513472.0,,-555555555.0,*****,1174767.0,,330.0,,197920.0,,1506.0,,2718.0,,363.0,,28530.0,,604.0,,920.0,,183.0,,2865.0,,584.0,,36284.0,,1645.0,,69468.0,,-555555555.0,*****,350
"Lubbock-Levelland, TX CSA",336285.0,,-555555555.0,*****,178797.0,,132.0,,21568.0,,586.0,,1229.0,,199.0,,6457.0,,369.0,,203.0,,70.0,,254.0,,138.0,,5281.0,,662.0,,122496.0,,-555555555.0,*****,352
"Macon-Bibb County--Warner Robins, GA CSA",419619.0,,-555555555.0,*****,218321.0,,641.0,,164401.0,,1070.0,,885.0,,186.0,,8143.0,,447.0,,93.0,,82.0,,760.0,,387.0,,8360.0,,924.0,,18656.0,,265.0,,356
"Madison-Janesville-Beloit, WI CSA",872646.0,,-555555555.0,*****,725462.0,,255.0,,35229.0,,1006.0,,2687.0,,245.0,,34176.0,,716.0,,227.0,,81.0,,711.0,,265.0,,20601.0,,1218.0,,53553.0,,-555555555.0,*****,357
"Manhattan-Junction City, KS CSA",133736.0,,-555555555.0,*****,98611.0,,140.0,,10727.0,,449.0,,940.0,,200.0,,5048.0,,260.0,,490.0,,41.0,,174.0,,129.0,,4705.0,,578.0,,13041.0,,-555555555.0,*****,358
"Mankato-New Ulm-North Mankato, MN CSA",125316.0,,-555555555.0,*****,112269.0,,73.0,,3506.0,,287.0,,275.0,,74.0,,2218.0,,170.0,,24.0,,23.0,,80.0,,72.0,,2060.0,,308.0,,4884.0,,-555555555.0,*****,359
"Mansfield-Ashland-Bucyrus, OH CSA",216822.0,,-555555555.0,*****,195159.0,,166.0,,10226.0,,530.0,,233.0,,108.0,,1593.0,,148.0,,30.0,,33.0,,271.0,,127.0,,5675.0,,547.0,,3635.0,,-555555555.0,*****,360
"Martin-Union City, TN-KY CSA",70356.0,,-555555555.0,*****,59045.0,,60.0,,7497.0,,245.0,,187.0,,57.0,,195.0,,53.0,,29.0,,28.0,,68.0,,59.0,,1119.0,,238.0,,2216.0,,-555555555.0,*****,362
"Mayag�ez-San Germ�n, PR CSA",220923.0,,-555555555.0,*****,750.0,,269.0,,104.0,,66.0,,6.0,,12.0,,33.0,,32.0,,1.0,,11.0,,145.0,,136.0,,0.0,,32.0,,219884.0,,326.0,,364
"McAllen-Edinburg, TX CSA",913283.0,,-555555555.0,*****,54764.0,,187.0,,3640.0,,158.0,,621.0,,133.0,,7848.0,,348.0,,118.0,,90.0,,266.0,,108.0,,1046.0,,384.0,,844980.0,,208.0,,365
"Midland-Odessa, TX CSA",328150.0,,-555555555.0,*****,131768.0,,336.0,,16686.0,,616.0,,1024.0,,271.0,,5012.0,,231.0,,124.0,,100.0,,425.0,,273.0,,3759.0,,725.0,,169352.0,,202.0,,372
"Medford-Grants Pass, OR CSA",299748.0,,-555555555.0,*****,248569.0,,305.0,,1645.0,,346.0,,2621.0,,537.0,,3507.0,,309.0,,772.0,,150.0,,398.0,,293.0,,9122.0,,713.0,,33114.0,,-555555555.0,*****,366
"Memphis-Forrest City, TN-MS-AR CSA",1372285.0,,-555555555.0,*****,601054.0,,597.0,,642055.0,,1401.0,,1981.0,,387.0,,27353.0,,744.0,,452.0,,178.0,,2310.0,,660.0,,22978.0,,1524.0,,74102.0,,212.0,,368
"Miami-Fort Lauderdale-Port St. Lucie, FL CSA",6725672.0,,-555555555.0,*****,2316370.0,,1519.0,,1308928.0,,3348.0,,8086.0,,675.0,,157114.0,,1477.0,,2458.0,,392.0,,23878.0,,1986.0,,86083.0,,3209.0,,2822755.0,,-555555555.0,*****,370
"Milwaukee-Racine-Waukesha, WI CSA",2046746.0,,-555555555.0,*****,1438619.0,,351.0,,283336.0,,1541.0,,7030.0,,501.0,,62399.0,,766.0,,545.0,,138.0,,1918.0,,408.0,,40604.0,,1858.0,,212295.0,,-555555555.0,*****,376
"Minneapolis-St. Paul, MN-WI CSA",3901933.0,,-555555555.0,*****,3007868.0,,816.0,,304803.0,,2370.0,,19266.0,,801.0,,235233.0,,1627.0,,974.0,,193.0,,6079.0,,889.0,,106188.0,,2916.0,,221522.0,,-555555555.0,*****,378
"Mobile-Daphne-Fairhope, AL CSA",622766.0,,-555555555.0,*****,409755.0,,354.0,,166129.0,,735.0,,4270.0,,521.0,,9785.0,,530.0,,71.0,,51.0,,1725.0,,556.0,,9705.0,,992.0,,21326.0,,-555555555.0,*****,380
"Modesto-Merced, CA CSA",808376.0,,-555555555.0,*****,305804.0,,482.0,,22376.0,,671.0,,3440.0,,439.0,,48086.0,,1173.0,,4267.0,,326.0,,1409.0,,513.0,,18527.0,,1325.0,,404467.0,,-555555555.0,*****,382
"Monroe-Ruston-Bastrop, LA CSA",251898.0,,-555555555.0,*****,144450.0,,13.0,,95872.0,,464.0,,448.0,,117.0,,2572.0,,121.0,,39.0,,55.0,,110.0,,99.0,,2392.0,,476.0,,6015.0,,111.0,,384
"Morgantown-Fairmont, WV CSA",195586.0,,-555555555.0,*****,175678.0,,656.0,,7401.0,,383.0,,546.0,,275.0,,4218.0,,223.0,,6.0,,8.0,,643.0,,346.0,,3354.0,,444.0,,3740.0,,367.0,,390
"Moses Lake-Othello, WA CSA",114312.0,,-555555555.0,*****,58188.0,,58.0,,704.0,,146.0,,908.0,,193.0,,1070.0,,166.0,,32.0,,41.0,,34.0,,36.0,,1959.0,,283.0,,51417.0,,-555555555.0,*****,393
"Mount Pleasant-Alma, MI CSA",111842.0,,-555555555.0,*****,95900.0,,76.0,,4039.0,,178.0,,2117.0,,249.0,,1330.0,,154.0,,31.0,,31.0,,100.0,,74.0,,3118.0,,334.0,,5207.0,,-555555555.0,*****,394
"Myrtle Beach-Conway, SC-NC CSA",509380.0,,-555555555.0,*****,390592.0,,451.0,,75489.0,,641.0,,2249.0,,363.0,,5228.0,,323.0,,189.0,,147.0,,1163.0,,453.0,,7267.0,,809.0,,27203.0,,-555555555.0,*****,396
"Nashville-Davidson--Murfreesboro, TN CSA",1986902.0,,-555555555.0,*****,1457307.0,,588.0,,287737.0,,1835.0,,4106.0,,556.0,,49488.0,,967.0,,875.0,,200.0,,3923.0,,783.0,,42159.0,,2040.0,,141307.0,,60.0,,400
"New Bern-Morehead City, NC CSA",194439.0,,-555555555.0,*****,142985.0,,90.0,,31039.0,,473.0,,769.0,,143.0,,3703.0,,358.0,,139.0,,86.0,,146.0,,92.0,,4402.0,,659.0,,11256.0,,-555555555.0,*****,404
"New Orleans-Metairie-Hammond, LA-MS CSA",1495745.0,,-555555555.0,*****,811247.0,,584.0,,496485.0,,1353.0,,4122.0,,544.0,,37214.0,,594.0,,195.0,,89.0,,4189.0,,691.0,,24047.0,,1624.0,,118246.0,,-555555555.0,*****,406
"New York-Newark, NY-NJ-CT-PA CSA",23527576.0,,-555555555.0,*****,11729225.0,,3293.0,,3485471.0,,5689.0,,32572.0,,1315.0,,2305448.0,,5340.0,,6287.0,,704.0,,135444.0,,4805.0,,407081.0,,7203.0,,5426048.0,,-555555555.0,*****,408
"North Port-Sarasota, FL CSA",999350.0,,-555555555.0,*****,779799.0,,478.0,,63621.0,,947.0,,1856.0,,340.0,,16678.0,,497.0,,466.0,,162.0,,1295.0,,475.0,,14337.0,,1211.0,,121298.0,,-555555555.0,*****,412
"Oklahoma City-Shawnee, OK CSA",1441759.0,,-555555555.0,*****,937649.0,,486.0,,140895.0,,1323.0,,53053.0,,1272.0,,43667.0,,868.0,,792.0,,163.0,,2305.0,,452.0,,80618.0,,2046.0,,182780.0,,-555555555.0,*****,416
"Parkersburg-Marietta-Vienna, WV-OH CSA",152024.0,,-555555555.0,*****,144808.0,,77.0,,1966.0,,211.0,,434.0,,102.0,,803.0,,174.0,,41.0,,41.0,,66.0,,61.0,,2240.0,,263.0,,1666.0,,55.0,,425
"Pensacola-Ferry Pass, FL-AL CSA",519292.0,,-555555555.0,*****,364611.0,,257.0,,89744.0,,1440.0,,3578.0,,433.0,,12856.0,,671.0,,690.0,,128.0,,686.0,,245.0,,19797.0,,1625.0,,27330.0,,-555555555.0,*****,426
"Peoria-Canton, IL CSA",409844.0,,-555555555.0,*****,341359.0,,255.0,,35594.0,,799.0,,829.0,,115.0,,8931.0,,304.0,,54.0,,28.0,,492.0,,257.0,,8699.0,,843.0,,13886.0,,-555555555.0,*****,427
"Philadelphia-Reading-Camden, PA-NJ-DE-MD CSA",7176556.0,,-555555555.0,*****,4486945.0,,1207.0,,1363671.0,,3642.0,,10901.0,,826.0,,385444.0,,1786.0,,1587.0,,275.0,,16205.0,,1714.0,,152531.0,,3778.0,,759272.0,,-555555555.0,*****,428
"Omaha-Council Bluffs-Fremont, NE-IA CSA",959574.0,,-555555555.0,*****,736967.0,,328.0,,69250.0,,915.0,,3194.0,,326.0,,25644.0,,673.0,,583.0,,122.0,,1182.0,,329.0,,23691.0,,1223.0,,99063.0,,-555555555.0,*****,420
"Orlando-Deltona-Daytona Beach, FL CSA",3206033.0,,-555555555.0,*****,1730814.0,,1502.0,,451160.0,,2906.0,,6262.0,,704.0,,114684.0,,1576.0,,1703.0,,414.0,,17810.0,,2226.0,,63408.0,,3195.0,,820192.0,,-555555555.0,*****,422
"Oskaloosa-Pella, IA CSA",55415.0,,-555555555.0,*****,52202.0,,12.0,,536.0,,101.0,,121.0,,37.0,,621.0,,99.0,,15.0,,23.0,,10.0,,12.0,,806.0,,145.0,,1104.0,,-555555555.0,*****,423
"Paducah-Mayfield, KY-IL CSA",134361.0,,-555555555.0,*****,115947.0,,40.0,,10004.0,,334.0,,248.0,,92.0,,716.0,,132.0,,157.0,,133.0,,40.0,,39.0,,2581.0,,383.0,,4668.0,,-555555555.0,*****,424
"Pittsburgh-New Castle-Weirton, PA-OH-WV CSA",2632416.0,,-555555555.0,*****,2273940.0,,520.0,,196954.0,,1841.0,,2008.0,,297.0,,55215.0,,792.0,,873.0,,139.0,,3937.0,,639.0,,55984.0,,1893.0,,43505.0,,-555555555.0,*****,430
"Ponce-Coamo-Santa Isabel, PR CSA",386605.0,,-555555555.0,*****,1568.0,,402.0,,144.0,,83.0,,15.0,,17.0,,17.0,,20.0,,0.0,,32.0,,52.0,,56.0,,60.0,,53.0,,384749.0,,424.0,,434
"Portland-Lewiston-South Portland, ME CSA",636767.0,,-555555555.0,*****,585866.0,,266.0,,12257.0,,657.0,,1487.0,,321.0,,9725.0,,410.0,,46.0,,33.0,,561.0,,241.0,,14931.0,,840.0,,11894.0,,-555555555.0,*****,438
"Portland-Vancouver-Salem, OR-WA CSA",3152673.0,,-555555555.0,*****,2331782.0,,1113.0,,72456.0,,1458.0,,19061.0,,1067.0,,172924.0,,1985.0,,16025.0,,703.0,,5987.0,,1109.0,,123259.0,,2737.0,,411179.0,,-555555555.0,*****,440
"Pueblo-Ca�on City, CO CSA",211687.0,,-555555555.0,*****,123283.0,,80.0,,4683.0,,364.0,,1519.0,,225.0,,1436.0,,164.0,,29.0,,22.0,,253.0,,104.0,,3661.0,,422.0,,76823.0,,-555555555.0,*****,444
"Pullman-Moscow, WA-ID CSA",87832.0,,-555555555.0,*****,73227.0,,84.0,,1423.0,,181.0,,538.0,,128.0,,5080.0,,286.0,,101.0,,84.0,,111.0,,83.0,,2657.0,,333.0,,4695.0,,-555555555.0,*****,446
"Quincy-Hannibal, IL-MO CSA",115343.0,,-555555555.0,*****,105897.0,,91.0,,4303.0,,271.0,,419.0,,86.0,,795.0,,125.0,,107.0,,86.0,,117.0,,89.0,,1886.0,,294.0,,1819.0,,-555555555.0,*****,448
"Raleigh-Durham-Chapel Hill, NC CSA",2154965.0,,-555555555.0,*****,1274977.0,,678.0,,476965.0,,2355.0,,7587.0,,668.0,,101016.0,,1186.0,,926.0,,182.0,,5742.0,,1152.0,,52208.0,,2675.0,,235544.0,,-555555555.0,*****,450
"Rapid City-Spearfish, SD CSA",170525.0,,-555555555.0,*****,142511.0,,198.0,,1921.0,,194.0,,10322.0,,579.0,,2101.0,,189.0,,100.0,,57.0,,213.0,,242.0,,5691.0,,629.0,,7666.0,,-555555555.0,*****,452
"Redding-Red Bluff, CA CSA",242458.0,,-555555555.0,*****,187114.0,,164.0,,2560.0,,224.0,,5027.0,,460.0,,6290.0,,372.0,,199.0,,116.0,,175.0,,100.0,,7865.0,,712.0,,33228.0,,-555555555.0,*****,454
"Reno-Carson City-Fernley, NV CSA",609877.0,,-555555555.0,*****,404752.0,,357.0,,11328.0,,551.0,,9331.0,,378.0,,25639.0,,694.0,,2793.0,,182.0,,1290.0,,439.0,,17864.0,,925.0,,136880.0,,121.0,,456
"Richmond-Connersville, IN CSA",89872.0,,-555555555.0,*****,81111.0,,26.0,,3869.0,,266.0,,109.0,,64.0,,726.0,,175.0,,0.0,,27.0,,27.0,,28.0,,1814.0,,290.0,,2216.0,,-555555555.0,*****,458
"Rochester-Austin, MN CSA",255637.0,,-555555555.0,*****,214369.0,,202.0,,10526.0,,576.0,,454.0,,121.0,,10493.0,,471.0,,230.0,,191.0,,520.0,,275.0,,5206.0,,734.0,,13839.0,,-555555555.0,*****,462
"Rochester-Batavia-Seneca Falls, NY CSA",1167391.0,,-555555555.0,*****,908571.0,,407.0,,120032.0,,1083.0,,2505.0,,278.0,,30345.0,,606.0,,278.0,,115.0,,1718.0,,439.0,,23635.0,,1247.0,,80307.0,,-555555555.0,*****,464
"Rockford-Freeport-Rochelle, IL CSA",436541.0,,-555555555.0,*****,320999.0,,204.0,,41921.0,,772.0,,779.0,,216.0,,8594.0,,375.0,,65.0,,55.0,,501.0,,224.0,,9750.0,,868.0,,53932.0,,-555555555.0,*****,466
"Rocky Mount-Wilson-Roanoke Rapids, NC CSA",300594.0,,-555555555.0,*****,132878.0,,366.0,,137592.0,,859.0,,2836.0,,211.0,,1970.0,,296.0,,147.0,,110.0,,494.0,,395.0,,5734.0,,859.0,,18943.0,,-555555555.0,*****,468
"Rome-Summerville, GA CSA",121641.0,,-555555555.0,*****,89472.0,,453.0,,16270.0,,361.0,,188.0,,111.0,,1571.0,,179.0,,0.0,,31.0,,613.0,,443.0,,1875.0,,421.0,,11652.0,,-555555555.0,*****,470
"Sacramento-Roseville, CA CSA",2562195.0,,-555555555.0,*****,1379468.0,,1052.0,,161252.0,,2099.0,,10074.0,,754.0,,317031.0,,2306.0,,19039.0,,716.0,,7398.0,,1468.0,,117345.0,,3144.0,,550588.0,,-555555555.0,*****,472
"Saginaw-Midland-Bay City, MI CSA",380953.0,,-555555555.0,*****,304877.0,,87.0,,37777.0,,723.0,,1085.0,,200.0,,4962.0,,309.0,,52.0,,28.0,,357.0,,205.0,,7977.0,,797.0,,23866.0,,-555555555.0,*****,474
"St. Louis-St. Charles-Farmington, MO-IL CSA",2909977.0,,-555555555.0,*****,2167946.0,,826.0,,515255.0,,2141.0,,5046.0,,569.0,,71511.0,,1146.0,,617.0,,132.0,,5675.0,,1010.0,,58370.0,,2381.0,,85557.0,,-555555555.0,*****,476
"Salt Lake City-Provo-Orem, UT CSA",2511156.0,,-555555555.0,*****,1946901.0,,763.0,,30541.0,,1063.0,,12334.0,,896.0,,63808.0,,1303.0,,24328.0,,911.0,,3745.0,,645.0,,58447.0,,2069.0,,371052.0,,-555555555.0,*****,482
"San Jose-San Francisco-Oakland, CA CSA",8741191.0,,-555555555.0,*****,3462253.0,,1575.0,,499620.0,,2962.0,,19357.0,,849.0,,2093511.0,,4152.0,,47736.0,,1147.0,,28653.0,,2069.0,,351198.0,,5623.0,,2238863.0,,-555555555.0,*****,488
"San Juan-Carolina, PR CSA",2432066.0,,-555555555.0,*****,18548.0,,1479.0,,2512.0,,455.0,,32.0,,33.0,,2099.0,,626.0,,32.0,,30.0,,1532.0,,354.0,,705.0,,242.0,,2406606.0,,1680.0,,490
"Savannah-Hinesville-Statesboro, GA CSA",536669.0,,-555555555.0,*****,295767.0,,314.0,,175796.0,,1241.0,,1252.0,,196.0,,10877.0,,561.0,,951.0,,266.0,,1268.0,,422.0,,15032.0,,1203.0,,35726.0,,-555555555.0,*****,496
"Seattle-Tacoma, WA CSA",4691993.0,,-555555555.0,*****,3121592.0,,857.0,,228716.0,,2468.0,,36603.0,,1258.0,,538529.0,,2642.0,,37770.0,,959.0,,8714.0,,944.0,,256727.0,,3829.0,,463342.0,,-555555555.0,*****,500
"Sioux City-Vermillion, IA-SD-NE CSA",182602.0,,-555555555.0,*****,139843.0,,121.0,,4526.0,,414.0,,2855.0,,325.0,,4269.0,,159.0,,215.0,,37.0,,122.0,,112.0,,3549.0,,513.0,,27223.0,,-555555555.0,*****,512
"South Bend-Elkhart-Mishawaka, IN-MI CSA",725706.0,,-555555555.0,*****,550672.0,,327.0,,70661.0,,1057.0,,2196.0,,235.0,,11883.0,,383.0,,369.0,,72.0,,1317.0,,330.0,,19072.0,,1185.0,,69536.0,,-555555555.0,*****,515
"Spokane-Spokane Valley-Coeur d'Alene, WA-ID CSA",708913.0,,-555555555.0,*****,612158.0,,211.0,,8414.0,,744.0,,10401.0,,647.0,,12463.0,,686.0,,2717.0,,262.0,,393.0,,142.0,,25669.0,,1187.0,,36698.0,,-555555555.0,*****,518
"Springfield-Branson, MO CSA",545081.0,,-555555555.0,*****,492012.0,,170.0,,11342.0,,553.0,,3142.0,,441.0,,6825.0,,399.0,,341.0,,145.0,,333.0,,182.0,,12537.0,,825.0,,18549.0,,-555555555.0,*****,520
"Springfield-Greenfield Town, MA CSA",701210.0,,-555555555.0,*****,496613.0,,613.0,,41637.0,,1019.0,,1008.0,,229.0,,20294.0,,568.0,,146.0,,111.0,,1246.0,,669.0,,13139.0,,1168.0,,127127.0,,-555555555.0,*****,521
"Springfield-Jacksonville-Lincoln, IL CSA",311939.0,,-555555555.0,*****,263095.0,,301.0,,29484.0,,695.0,,365.0,,86.0,,4550.0,,251.0,,195.0,,105.0,,693.0,,301.0,,6512.0,,759.0,,7045.0,,-555555555.0,*****,522
"State College-DuBois, PA CSA",241659.0,,-555555555.0,*****,212713.0,,309.0,,7886.0,,237.0,,294.0,,93.0,,10570.0,,328.0,,49.0,,49.0,,291.0,,302.0,,2835.0,,413.0,,7021.0,,-555555555.0,*****,524
"Steamboat Springs-Craig, CO CSA",37934.0,,-555555555.0,*****,32867.0,,91.0,,324.0,,109.0,,213.0,,82.0,,259.0,,64.0,,33.0,,36.0,,95.0,,105.0,,420.0,,119.0,,3723.0,,-555555555.0,*****,525
"Tyler-Jacksonville, TX CSA",276918.0,,-555555555.0,*****,166530.0,,192.0,,45743.0,,774.0,,995.0,,183.0,,4045.0,,161.0,,342.0,,365.0,,315.0,,236.0,,3716.0,,651.0,,55232.0,,-555555555.0,*****,540
"Victoria-Port Lavaca, TX CSA",121308.0,,-555555555.0,*****,55138.0,,134.0,,6105.0,,253.0,,158.0,,97.0,,2042.0,,199.0,,17.0,,25.0,,165.0,,129.0,,1687.0,,334.0,,55996.0,,-555555555.0,*****,544
"Virginia Beach-Norfolk, VA-NC CSA",1825246.0,,-555555555.0,*****,1027955.0,,538.0,,536711.0,,2492.0,,4586.0,,454.0,,66274.0,,1095.0,,1491.0,,217.0,,5118.0,,829.0,,63690.0,,2796.0,,119421.0,,156.0,,545
"Tallahassee-Bainbridge, FL-GA CSA",406934.0,,-555555555.0,*****,226034.0,,190.0,,134589.0,,867.0,,696.0,,177.0,,10660.0,,382.0,,83.0,,66.0,,957.0,,435.0,,7899.0,,844.0,,26016.0,,-555555555.0,*****,533
"Visalia-Porterville-Hanford, CA CSA",610552.0,,-555555555.0,*****,182675.0,,716.0,,14654.0,,582.0,,3996.0,,427.0,,20537.0,,861.0,,869.0,,150.0,,1081.0,,718.0,,10437.0,,1068.0,,376303.0,,-555555555.0,*****,546
"Washington-Baltimore-Arlington, DC-MD-VA-WV-PA CSA",9665997.0,,-555555555.0,*****,5002799.0,,1592.0,,2388722.0,,4463.0,,17805.0,,838.0,,771539.0,,3333.0,,4620.0,,421.0,,32361.0,,2129.0,,294556.0,,5027.0,,1153595.0,,-555555555.0,*****,548
"Syracuse-Auburn, NY CSA",732573.0,,-555555555.0,*****,606920.0,,290.0,,56033.0,,883.0,,3037.0,,277.0,,18871.0,,483.0,,185.0,,127.0,,1021.0,,330.0,,17474.0,,986.0,,29032.0,,-555555555.0,*****,532
"Toledo-Port Clinton, OH CSA",645329.0,,-555555555.0,*****,488176.0,,279.0,,84580.0,,946.0,,1271.0,,209.0,,9758.0,,423.0,,150.0,,40.0,,1211.0,,318.0,,17167.0,,983.0,,43016.0,,-555555555.0,*****,534
"Tucson-Nogales, AZ CSA",1066306.0,,-555555555.0,*****,538077.0,,264.0,,32924.0,,777.0,,25175.0,,738.0,,28525.0,,715.0,,1374.0,,246.0,,1198.0,,253.0,,23308.0,,1191.0,,415725.0,,-555555555.0,*****,536
"Tulsa-Muskogee-Bartlesville, OK CSA",1154917.0,,-555555555.0,*****,744365.0,,303.0,,87040.0,,895.0,,101699.0,,1356.0,,25220.0,,508.0,,861.0,,130.0,,1975.0,,390.0,,87694.0,,1740.0,,106063.0,,-555555555.0,*****,538
"Wausau-Stevens Point-Wisconsin Rapids, WI CSA",306985.0,,-555555555.0,*****,279067.0,,222.0,,1968.0,,269.0,,984.0,,136.0,,11415.0,,327.0,,63.0,,40.0,,300.0,,223.0,,4785.0,,365.0,,8403.0,,-555555555.0,*****,554
"Wichita-Arkansas City-Winfield, KS CSA",679356.0,,-555555555.0,*****,494120.0,,182.0,,47568.0,,905.0,,5005.0,,466.0,,23626.0,,654.0,,290.0,,131.0,,508.0,,197.0,,22157.0,,1278.0,,86082.0,,-555555555.0,*****,556
"Williamsport-Lock Haven, PA CSA",153933.0,,-555555555.0,*****,141228.0,,192.0,,6002.0,,283.0,,223.0,,65.0,,1106.0,,103.0,,24.0,,26.0,,259.0,,153.0,,2236.0,,329.0,,2855.0,,-555555555.0,*****,558
"Youngstown-Warren, OH-PA CSA",649491.0,,-555555555.0,*****,551423.0,,164.0,,58731.0,,812.0,,1032.0,,248.0,,3810.0,,288.0,,21.0,,16.0,,451.0,,168.0,,13581.0,,900.0,,20442.0,,-555555555.0,*****,566
"Albany-Schenectady, NY CSA",1170877.0,,-555555555.0,*****,966618.0,,842.0,,71116.0,,1125.0,,1776.0,,237.0,,40560.0,,690.0,,265.0,,128.0,,4482.0,,973.0,,27342.0,,1308.0,,58718.0,,-555555555.0,*****,104
"Albuquerque-Santa Fe-Las Vegas, NM CSA",1171604.0,,-555555555.0,*****,451453.0,,533.0,,22522.0,,698.0,,68096.0,,728.0,,22308.0,,776.0,,666.0,,170.0,,2728.0,,566.0,,19882.0,,1434.0,,583949.0,,-555555555.0,*****,106
"Amarillo-Borger, TX CSA",284983.0,,125.0,,173501.0,,186.0,,15976.0,,434.0,,1224.0,,200.0,,8779.0,,357.0,,282.0,,119.0,,164.0,,98.0,,5431.0,,667.0,,79626.0,,96.0,,108
"Appleton-Oshkosh-Neenah, WI CSA",404487.0,,-555555555.0,*****,358659.0,,169.0,,6609.0,,327.0,,4060.0,,278.0,,12173.0,,370.0,,53.0,,43.0,,338.0,,166.0,,5948.0,,544.0,,16647.0,,-555555555.0,*****,118
"Asheville-Brevard, NC CSA",483450.0,,-555555555.0,*****,413867.0,,436.0,,21783.0,,756.0,,1759.0,,282.0,,5115.0,,272.0,,507.0,,198.0,,616.0,,413.0,,7940.0,,818.0,,31863.0,,-555555555.0,*****,120
"Atlanta--Athens-Clarke County--Sandy Springs, GA CSA",6440883.0,,-555555555.0,*****,3193838.0,,1571.0,,2027944.0,,3158.0,,9884.0,,811.0,,343965.0,,2205.0,,2208.0,,589.0,,22052.0,,2273.0,,134593.0,,3930.0,,706399.0,,-555555555.0,*****,122
"Bloomington-Pontiac, IL CSA",225585.0,,-555555555.0,*****,185294.0,,277.0,,15696.0,,333.0,,258.0,,75.0,,9171.0,,374.0,,23.0,,24.0,,553.0,,325.0,,4193.0,,498.0,,10397.0,,-555555555.0,*****,145
"Bloomsburg-Berwick-Sunbury, PA CSA",262419.0,,-555555555.0,*****,240741.0,,136.0,,6915.0,,276.0,,512.0,,134.0,,2934.0,,177.0,,60.0,,36.0,,187.0,,117.0,,2579.0,,324.0,,8491.0,,69.0,,146
"Boise City-Mountain Home-Ontario, ID-OR CSA",773857.0,,-555555555.0,*****,614108.0,,236.0,,7515.0,,618.0,,4569.0,,558.0,,14837.0,,776.0,,1323.0,,259.0,,596.0,,217.0,,18394.0,,1309.0,,112515.0,,-555555555.0,*****,147
"Bloomington-Bedford, IN CSA",211900.0,,-555555555.0,*****,185667.0,,77.0,,4490.0,,342.0,,587.0,,167.0,,9832.0,,357.0,,36.0,,34.0,,92.0,,60.0,,5299.0,,568.0,,5897.0,,-555555555.0,*****,144
"Boston-Worcester-Providence, MA-RI-NH-CT CSA",8200935.0,,-555555555.0,*****,6105911.0,,2669.0,,493388.0,,3157.0,,12276.0,,913.0,,484997.0,,2367.0,,2367.0,,451.0,,59835.0,,3271.0,,172232.0,,4001.0,,869929.0,,-555555555.0,*****,148
"Bend-Redmond-Prineville, OR CSA",202977.0,,-555555555.0,*****,177815.0,,133.0,,1039.0,,142.0,,901.0,,249.0,,2237.0,,296.0,,201.0,,173.0,,151.0,,121.0,,4743.0,,419.0,,15890.0,,-555555555.0,*****,140
"Birmingham-Hoover-Talladega, AL CSA",1361423.0,,-555555555.0,*****,892307.0,,446.0,,369657.0,,1564.0,,3031.0,,441.0,,16791.0,,795.0,,307.0,,66.0,,2349.0,,811.0,,20585.0,,1825.0,,56396.0,,48.0,,142
"Buffalo-Cheektowaga, NY CSA",1209256.0,,-555555555.0,*****,948932.0,,413.0,,135345.0,,987.0,,8565.0,,413.0,,34526.0,,732.0,,322.0,,95.0,,1705.0,,443.0,,22789.0,,1218.0,,57072.0,,-555555555.0,*****,160
"Cape Coral-Fort Myers-Naples, FL CSA",1082601.0,,-555555555.0,*****,717611.0,,710.0,,83668.0,,843.0,,1840.0,,395.0,,15630.0,,626.0,,211.0,,75.0,,2373.0,,646.0,,12091.0,,1120.0,,249177.0,,-555555555.0,*****,162
"Cape Girardeau-Sikeston, MO-IL CSA",135866.0,,-555555555.0,*****,115678.0,,133.0,,12546.0,,366.0,,395.0,,146.0,,1443.0,,197.0,,25.0,,29.0,,116.0,,144.0,,2788.0,,463.0,,2875.0,,88.0,,164
"Cedar Rapids-Iowa City, IA CSA",437459.0,,-555555555.0,*****,371980.0,,411.0,,22211.0,,693.0,,729.0,,204.0,,14829.0,,644.0,,362.0,,28.0,,1000.0,,453.0,,8983.0,,916.0,,17365.0,,-555555555.0,*****,168
"Bowling Green-Glasgow, KY CSA",225772.0,,-555555555.0,*****,192203.0,,123.0,,13559.0,,559.0,,502.0,,118.0,,5115.0,,272.0,,358.0,,25.0,,297.0,,125.0,,4649.0,,676.0,,9089.0,,101.0,,150
"Brownsville-Harlingen-Raymondville, TX CSA",443504.0,,-555555555.0,*****,40746.0,,284.0,,1802.0,,155.0,,545.0,,118.0,,2786.0,,169.0,,38.0,,44.0,,272.0,,262.0,,706.0,,226.0,,396609.0,,-555555555.0,*****,154
"Charleston-Huntington-Ashland, WV-OH-KY CSA",685724.0,,-555555555.0,*****,634562.0,,224.0,,24670.0,,755.0,,1141.0,,239.0,,4852.0,,269.0,,139.0,,74.0,,528.0,,243.0,,12194.0,,793.0,,7638.0,,114.0,,170
"Charlotte-Concord, NC-SC CSA",2631398.0,,-555555555.0,*****,1643257.0,,837.0,,573375.0,,2188.0,,7692.0,,661.0,,90882.0,,990.0,,988.0,,194.0,,6768.0,,965.0,,55238.0,,2281.0,,253198.0,,-555555555.0,*****,172
"Chattanooga-Cleveland-Dalton, TN-GA-AL CSA",954283.0,,-555555555.0,*****,756140.0,,450.0,,87390.0,,847.0,,2057.0,,418.0,,12331.0,,409.0,,290.0,,130.0,,1455.0,,560.0,,16913.0,,1029.0,,77707.0,,-555555555.0,*****,174
"Chicago-Naperville, IL-IN-WI CSA",9907569.0,,-555555555.0,*****,5365780.0,,1121.0,,1592519.0,,3260.0,,10523.0,,722.0,,620709.0,,2769.0,,2360.0,,322.0,,16166.0,,1286.0,,174294.0,,4176.0,,2125218.0,,-555555555.0,*****,176
"Cincinnati-Wilmington-Maysville, OH-KY-IN CSA",2227874.0,,-555555555.0,*****,1781915.0,,747.0,,264818.0,,1966.0,,2323.0,,399.0,,54328.0,,941.0,,956.0,,181.0,,3907.0,,771.0,,50421.0,,2003.0,,69206.0,,101.0,,178
"Cleveland-Akron-Canton, OH CSA",3491528.0,,-555555555.0,*****,2649209.0,,711.0,,526588.0,,2659.0,,5603.0,,517.0,,71107.0,,1093.0,,553.0,,154.0,,5334.0,,830.0,,80570.0,,2629.0,,152564.0,,-555555555.0,*****,184
"Cleveland-Indianola, MS CSA",59124.0,,-555555555.0,*****,16921.0,,26.0,,40464.0,,111.0,,64.0,,65.0,,234.0,,110.0,,0.0,,30.0,,17.0,,26.0,,266.0,,136.0,,1158.0,,-555555555.0,*****,185
"Clovis-Portales, NM CSA",69316.0,,-555555555.0,*****,34221.0,,141.0,,3097.0,,305.0,,523.0,,80.0,,859.0,,140.0,,80.0,,70.0,,195.0,,141.0,,1528.0,,324.0,,28813.0,,-555555555.0,*****,188
"Columbia-Moberly-Mexico, MO CSA",227195.0,,-555555555.0,*****,183947.0,,279.0,,18487.0,,869.0,,553.0,,135.0,,8044.0,,345.0,,230.0,,33.0,,396.0,,189.0,,8311.0,,942.0,,7227.0,,-555555555.0,*****,190
"Columbia-Orangeburg-Newberry, SC CSA",943186.0,,-555555555.0,*****,515101.0,,380.0,,335170.0,,1401.0,,2157.0,,365.0,,17558.0,,632.0,,844.0,,156.0,,1975.0,,556.0,,21070.0,,1585.0,,49311.0,,-555555555.0,*****,192
"Columbus-Auburn-Opelika, GA-AL CSA",500837.0,,-555555555.0,*****,270878.0,,421.0,,173413.0,,1229.0,,1349.0,,255.0,,12934.0,,354.0,,476.0,,161.0,,1279.0,,401.0,,12486.0,,1353.0,,28022.0,,-555555555.0,*****,194
"Columbus-Marion-Zanesville, OH CSA",2456974.0,,-555555555.0,*****,1877008.0,,801.0,,322451.0,,2279.0,,3132.0,,355.0,,85678.0,,1230.0,,671.0,,227.0,,4898.0,,899.0,,72815.0,,2538.0,,90321.0,,147.0,,198
"Columbus-West Point, MS CSA",79245.0,,-555555555.0,*****,38590.0,,28.0,,37729.0,,312.0,,172.0,,82.0,,565.0,,99.0,,17.0,,22.0,,63.0,,77.0,,760.0,,285.0,,1349.0,,143.0,,200
"Corpus Christi-Kingsville-Alice, TX CSA",525507.0,,181.0,,164298.0,,146.0,,15600.0,,403.0,,1078.0,,260.0,,9242.0,,317.0,,335.0,,120.0,,350.0,,143.0,,4472.0,,543.0,,330132.0,,195.0,,204
"Dallas-Fort Worth, TX-OK CSA",7696693.0,,-555555555.0,*****,3729843.0,,1363.0,,1131029.0,,3527.0,,30421.0,,1103.0,,479786.0,,2524.0,,7575.0,,473.0,,13699.0,,1832.0,,162001.0,,4158.0,,2142339.0,,-555555555.0,*****,206
"Davenport-Moline, IA-IL CSA",472888.0,,-555555555.0,*****,378995.0,,265.0,,30095.0,,900.0,,1173.0,,195.0,,9408.0,,308.0,,101.0,,44.0,,547.0,,255.0,,10519.0,,933.0,,42050.0,,-555555555.0,*****,209
"Dayton-Springfield-Sidney, OH CSA",1077238.0,,-555555555.0,*****,859453.0,,397.0,,135167.0,,1278.0,,1933.0,,377.0,,19266.0,,599.0,,301.0,,77.0,,1791.0,,543.0,,31221.0,,1469.0,,28106.0,,-555555555.0,*****,212
"Denver-Aurora, CO CSA",3466374.0,,-555555555.0,*****,2276497.0,,912.0,,160661.0,,1604.0,,13964.0,,745.0,,135807.0,,1496.0,,3732.0,,270.0,,7002.0,,1053.0,,82500.0,,2585.0,,786211.0,,247.0,,216
"DeRidder-Fort Polk South, LA CSA",87776.0,,-555555555.0,*****,65134.0,,31.0,,11811.0,,210.0,,860.0,,176.0,,1091.0,,136.0,,227.0,,30.0,,69.0,,46.0,,2431.0,,293.0,,6153.0,,-555555555.0,*****,217
"Des Moines-Ames-West Des Moines, IA CSA",794413.0,,-555555555.0,*****,655307.0,,174.0,,34387.0,,1034.0,,1332.0,,249.0,,33159.0,,673.0,,780.0,,220.0,,372.0,,170.0,,18184.0,,1184.0,,50892.0,,-555555555.0,*****,218
"Detroit-Warren-Ann Arbor, MI CSA",5340674.0,,-555555555.0,*****,3650180.0,,941.0,,1084924.0,,2451.0,,13102.0,,783.0,,222556.0,,1694.0,,1453.0,,311.0,,10414.0,,1123.0,,124892.0,,3377.0,,233153.0,,-555555555.0,*****,220
"Dixon-Sterling, IL CSA",90923.0,,-555555555.0,*****,77634.0,,68.0,,2654.0,,188.0,,144.0,,41.0,,479.0,,63.0,,106.0,,77.0,,107.0,,89.0,,1035.0,,163.0,,8764.0,,-555555555.0,*****,221
"Dothan-Enterprise-Ozark, AL CSA",248510.0,,-555555555.0,*****,174094.0,,202.0,,53439.0,,424.0,,1353.0,,168.0,,2156.0,,160.0,,21.0,,21.0,,360.0,,224.0,,5556.0,,508.0,,11531.0,,-555555555.0,*****,222
"Eau Claire-Menomonie, WI CSA",211124.0,,-555555555.0,*****,193935.0,,56.0,,1903.0,,203.0,,564.0,,174.0,,5868.0,,424.0,,364.0,,355.0,,61.0,,43.0,,4070.0,,400.0,,4359.0,,-555555555.0,*****,232
"Edwards-Glenwood Springs, CO CSA",130804.0,,-555555555.0,*****,91896.0,,198.0,,968.0,,227.0,,384.0,,209.0,,1226.0,,259.0,,43.0,,47.0,,209.0,,198.0,,1674.0,,312.0,,34404.0,,-555555555.0,*****,233
"Elmira-Corning, NY CSA",182667.0,,-555555555.0,*****,164938.0,,86.0,,6412.0,,399.0,,384.0,,154.0,,2724.0,,155.0,,18.0,,15.0,,198.0,,100.0,,3827.0,,400.0,,4166.0,,-555555555.0,*****,236
"El Paso-Las Cruces, TX-NM CSA",1057090.0,,-555555555.0,*****,162055.0,,188.0,,29077.0,,609.0,,3686.0,,330.0,,11447.0,,528.0,,1064.0,,265.0,,610.0,,191.0,,9265.0,,935.0,,839886.0,,-555555555.0,*****,238
"Erie-Meadville, PA CSA",362136.0,,-555555555.0,*****,314865.0,,289.0,,20495.0,,600.0,,613.0,,131.0,,4944.0,,272.0,,75.0,,49.0,,823.0,,319.0,,7870.0,,660.0,,12451.0,,-555555555.0,*****,240
"Fargo-Wahpeton, ND-MN CSA",259634.0,,-555555555.0,*****,225990.0,,120.0,,10876.0,,453.0,,2810.0,,388.0,,5906.0,,399.0,,50.0,,56.0,,145.0,,119.0,,6020.0,,663.0,,7837.0,,30.0,,244
"Fresno-Madera, CA CSA",1133143.0,,-555555555.0,*****,344986.0,,566.0,,49309.0,,877.0,,5962.0,,490.0,,101038.0,,1089.0,,1240.0,,238.0,,2307.0,,587.0,,23588.0,,1512.0,,604713.0,,-555555555.0,*****,260
"Fayetteville-Lumberton-Laurinburg, NC CSA",554049.0,,-555555555.0,*****,216997.0,,196.0,,182179.0,,954.0,,64635.0,,591.0,,9840.0,,448.0,,917.0,,153.0,,1120.0,,308.0,,20989.0,,1222.0,,57372.0,,-555555555.0,*****,246
"Findlay-Tiffin, OH CSA",131165.0,,-555555555.0,*****,117519.0,,118.0,,2496.0,,214.0,,182.0,,71.0,,1776.0,,154.0,,0.0,,27.0,,144.0,,118.0,,2250.0,,273.0,,6798.0,,-555555555.0,*****,248
"Fort Wayne-Huntington-Auburn, IN CSA",627814.0,,-555555555.0,*****,515099.0,,209.0,,42781.0,,1009.0,,985.0,,208.0,,14948.0,,522.0,,171.0,,68.0,,449.0,,203.0,,15037.0,,1278.0,,38344.0,,-555555555.0,*****,258
"Gainesville-Lake City, FL CSA",349868.0,,-555555555.0,*****,227451.0,,260.0,,65157.0,,959.0,,1058.0,,136.0,,16366.0,,387.0,,174.0,,74.0,,661.0,,260.0,,8654.0,,1037.0,,30347.0,,-555555555.0,*****,264
"Grand Rapids-Wyoming-Muskegon, MI CSA",1446173.0,,-555555555.0,*****,1159827.0,,304.0,,94442.0,,1204.0,,4624.0,,461.0,,29539.0,,564.0,,234.0,,77.0,,1271.0,,366.0,,35659.0,,1449.0,,120577.0,,-555555555.0,*****,266
"Green Bay-Shawano, WI CSA",363290.0,,-555555555.0,*****,302198.0,,266.0,,6261.0,,503.0,,12989.0,,441.0,,8638.0,,408.0,,33.0,,31.0,,310.0,,227.0,,8427.0,,770.0,,24434.0,,48.0,,267
"Greensboro--Winston-Salem--High Point, NC CSA",1652283.0,,-555555555.0,*****,1064085.0,,490.0,,349542.0,,2015.0,,5241.0,,473.0,,41965.0,,646.0,,664.0,,184.0,,4574.0,,938.0,,29809.0,,2012.0,,156403.0,,-555555555.0,*****,268
